index,return
2013-10-18 00:00:00+00:00,0.0
2013-10-21 00:00:00+00:00,0.0
2013-10-22 00:00:00+00:00,0.0
2013-10-23 00:00:00+00:00,0.0
2013-10-24 00:00:00+00:00,0.0
2013-10-25 00:00:00+00:00,0.0
2013-10-28 00:00:00+00:00,0.0
2013-10-29 00:00:00+00:00,0.0
2013-10-30 00:00:00+00:00,0.0
2013-10-31 00:00:00+00:00,0.0
2013-11-01 00:00:00+00:00,0.0
2013-11-04 00:00:00+00:00,0.0
2013-11-05 00:00:00+00:00,0.0
2013-11-06 00:00:00+00:00,0.0
2013-11-07 00:00:00+00:00,0.0
2013-11-08 00:00:00+00:00,0.0
2013-11-11 00:00:00+00:00,0.0
2013-11-12 00:00:00+00:00,0.0
2013-11-13 00:00:00+00:00,0.0
2013-11-14 00:00:00+00:00,0.0
2013-11-15 00:00:00+00:00,0.0
2013-11-18 00:00:00+00:00,0.0
2013-11-19 00:00:00+00:00,0.0
2013-11-20 00:00:00+00:00,0.0
2013-11-21 00:00:00+00:00,0.0
2013-11-22 00:00:00+00:00,0.0
2013-11-25 00:00:00+00:00,0.0
2013-11-26 00:00:00+00:00,0.0
2013-11-27 00:00:00+00:00,0.0
2013-11-28 00:00:00+00:00,0.0
2013-11-29 00:00:00+00:00,0.0
2013-12-02 00:00:00+00:00,0.0
2013-12-03 00:00:00+00:00,0.0
2013-12-04 00:00:00+00:00,0.0
2013-12-05 00:00:00+00:00,0.0
2013-12-06 00:00:00+00:00,0.0
2013-12-09 00:00:00+00:00,0.0
2013-12-10 00:00:00+00:00,0.0
2013-12-11 00:00:00+00:00,0.0
2013-12-12 00:00:00+00:00,0.0
2013-12-13 00:00:00+00:00,0.0
2013-12-16 00:00:00+00:00,0.0
2013-12-17 00:00:00+00:00,0.0
2013-12-18 00:00:00+00:00,0.0
2013-12-19 00:00:00+00:00,0.0
2013-12-20 00:00:00+00:00,0.0
2013-12-23 00:00:00+00:00,0.0
2013-12-24 00:00:00+00:00,0.0
2013-12-25 00:00:00+00:00,0.0
2013-12-26 00:00:00+00:00,0.0
2013-12-27 00:00:00+00:00,0.0
2013-12-30 00:00:00+00:00,0.0
2013-12-31 00:00:00+00:00,0.0
2014-01-02 00:00:00+00:00,0.0
2014-01-03 00:00:00+00:00,0.0
2014-01-06 00:00:00+00:00,0.0
2014-01-07 00:00:00+00:00,0.0
2014-01-08 00:00:00+00:00,0.0
2014-01-09 00:00:00+00:00,0.0
2014-01-10 00:00:00+00:00,0.0
2014-01-13 00:00:00+00:00,0.0
2014-01-14 00:00:00+00:00,0.0
2014-01-15 00:00:00+00:00,0.0
2014-01-16 00:00:00+00:00,0.0
2014-01-17 00:00:00+00:00,0.0
2014-01-20 00:00:00+00:00,0.0
2014-01-21 00:00:00+00:00,0.0
2014-01-22 00:00:00+00:00,0.0
2014-01-23 00:00:00+00:00,0.0
2014-01-24 00:00:00+00:00,0.0
2014-01-27 00:00:00+00:00,0.0
2014-01-28 00:00:00+00:00,0.0
2014-01-29 00:00:00+00:00,0.0
2014-01-30 00:00:00+00:00,0.0
2014-02-07 00:00:00+00:00,0.0
2014-02-10 00:00:00+00:00,0.0
2014-02-11 00:00:00+00:00,0.0
2014-02-12 00:00:00+00:00,0.0
2014-02-13 00:00:00+00:00,0.0
2014-02-14 00:00:00+00:00,0.0
2014-02-17 00:00:00+00:00,0.0
2014-02-18 00:00:00+00:00,0.0
2014-02-19 00:00:00+00:00,0.0
2014-02-20 00:00:00+00:00,0.0
2014-02-21 00:00:00+00:00,0.0
2014-02-24 00:00:00+00:00,0.0
2014-02-25 00:00:00+00:00,0.0
2014-02-26 00:00:00+00:00,0.0
2014-02-27 00:00:00+00:00,0.0
2014-02-28 00:00:00+00:00,0.0
2014-03-03 00:00:00+00:00,0.0
2014-03-04 00:00:00+00:00,0.0
2014-03-05 00:00:00+00:00,0.0
2014-03-06 00:00:00+00:00,0.0
2014-03-07 00:00:00+00:00,0.0
2014-03-10 00:00:00+00:00,0.0
2014-03-11 00:00:00+00:00,0.0
2014-03-12 00:00:00+00:00,0.0
2014-03-13 00:00:00+00:00,0.0
2014-03-14 00:00:00+00:00,0.0
2014-03-17 00:00:00+00:00,0.0
2014-03-18 00:00:00+00:00,0.0
2014-03-19 00:00:00+00:00,0.0
2014-03-20 00:00:00+00:00,0.0
2014-03-21 00:00:00+00:00,0.0
2014-03-24 00:00:00+00:00,0.0
2014-03-25 00:00:00+00:00,0.0
2014-03-26 00:00:00+00:00,0.0
2014-03-27 00:00:00+00:00,0.0
2014-03-28 00:00:00+00:00,0.0
2014-03-31 00:00:00+00:00,0.0
2014-04-01 00:00:00+00:00,0.0
2014-04-02 00:00:00+00:00,0.0
2014-04-03 00:00:00+00:00,0.0
2014-04-04 00:00:00+00:00,0.0
2014-04-08 00:00:00+00:00,0.0
2014-04-09 00:00:00+00:00,0.0
2014-04-10 00:00:00+00:00,0.0
2014-04-11 00:00:00+00:00,0.0
2014-04-14 00:00:00+00:00,0.0
2014-04-15 00:00:00+00:00,0.0
2014-04-16 00:00:00+00:00,0.0
2014-04-17 00:00:00+00:00,0.0
2014-04-18 00:00:00+00:00,0.0
2014-04-21 00:00:00+00:00,0.0
2014-04-22 00:00:00+00:00,0.0
2014-04-23 00:00:00+00:00,0.0
2014-04-24 00:00:00+00:00,0.0
2014-04-25 00:00:00+00:00,0.0
2014-04-28 00:00:00+00:00,0.0
2014-04-29 00:00:00+00:00,0.0
2014-04-30 00:00:00+00:00,0.0
2014-05-05 00:00:00+00:00,0.0
2014-05-06 00:00:00+00:00,0.0
2014-05-07 00:00:00+00:00,0.0
2014-05-08 00:00:00+00:00,0.0
2014-05-09 00:00:00+00:00,0.0
2014-05-12 00:00:00+00:00,0.0
2014-05-13 00:00:00+00:00,0.0
2014-05-14 00:00:00+00:00,0.0
2014-05-15 00:00:00+00:00,0.0
2014-05-16 00:00:00+00:00,0.0
2014-05-19 00:00:00+00:00,0.0
2014-05-20 00:00:00+00:00,0.0
2014-05-21 00:00:00+00:00,0.0
2014-05-22 00:00:00+00:00,0.0
2014-05-23 00:00:00+00:00,0.0
2014-05-26 00:00:00+00:00,0.0
2014-05-27 00:00:00+00:00,0.0
2014-05-28 00:00:00+00:00,0.0
2014-05-29 00:00:00+00:00,0.0
2014-05-30 00:00:00+00:00,0.0
2014-06-03 00:00:00+00:00,0.0
2014-06-04 00:00:00+00:00,0.0
2014-06-05 00:00:00+00:00,0.0
2014-06-06 00:00:00+00:00,0.0
2014-06-09 00:00:00+00:00,0.0
2014-06-10 00:00:00+00:00,0.0
2014-06-11 00:00:00+00:00,0.0
2014-06-12 00:00:00+00:00,0.0
2014-06-13 00:00:00+00:00,0.0
2014-06-16 00:00:00+00:00,0.0
2014-06-17 00:00:00+00:00,0.0
2014-06-18 00:00:00+00:00,0.0
2014-06-19 00:00:00+00:00,0.0
2014-06-20 00:00:00+00:00,0.0
2014-06-23 00:00:00+00:00,0.0
2014-06-24 00:00:00+00:00,0.0
2014-06-25 00:00:00+00:00,0.0
2014-06-26 00:00:00+00:00,0.0
2014-06-27 00:00:00+00:00,0.0
2014-06-30 00:00:00+00:00,0.0
2014-07-01 00:00:00+00:00,0.0
2014-07-02 00:00:00+00:00,0.0
2014-07-03 00:00:00+00:00,0.0
2014-07-04 00:00:00+00:00,0.0
2014-07-07 00:00:00+00:00,0.0
2014-07-08 00:00:00+00:00,0.0
2014-07-09 00:00:00+00:00,0.0
2014-07-10 00:00:00+00:00,0.0
2014-07-11 00:00:00+00:00,0.0
2014-07-14 00:00:00+00:00,0.0
2014-07-15 00:00:00+00:00,0.0
2014-07-16 00:00:00+00:00,0.0
2014-07-17 00:00:00+00:00,0.0
2014-07-18 00:00:00+00:00,0.0
2014-07-21 00:00:00+00:00,0.0
2014-07-22 00:00:00+00:00,0.0
2014-07-23 00:00:00+00:00,0.0
2014-07-24 00:00:00+00:00,0.0
2014-07-25 00:00:00+00:00,0.0
2014-07-28 00:00:00+00:00,0.0
2014-07-29 00:00:00+00:00,0.0
2014-07-30 00:00:00+00:00,0.0
2014-07-31 00:00:00+00:00,0.0
2014-08-01 00:00:00+00:00,0.0
2014-08-04 00:00:00+00:00,0.0
2014-08-05 00:00:00+00:00,0.0
2014-08-06 00:00:00+00:00,0.0
2014-08-07 00:00:00+00:00,0.0
2014-08-08 00:00:00+00:00,0.0
2014-08-11 00:00:00+00:00,0.0
2014-08-12 00:00:00+00:00,0.0
2014-08-13 00:00:00+00:00,0.0
2014-08-14 00:00:00+00:00,0.0
2014-08-15 00:00:00+00:00,0.0
2014-08-18 00:00:00+00:00,0.0
2014-08-19 00:00:00+00:00,0.0
2014-08-20 00:00:00+00:00,0.0
2014-08-21 00:00:00+00:00,0.0
2014-08-22 00:00:00+00:00,0.0
2014-08-25 00:00:00+00:00,0.0
2014-08-26 00:00:00+00:00,0.0
2014-08-27 00:00:00+00:00,0.0
2014-08-28 00:00:00+00:00,0.0
2014-08-29 00:00:00+00:00,0.0
2014-09-01 00:00:00+00:00,0.0
2014-09-02 00:00:00+00:00,0.0
2014-09-03 00:00:00+00:00,0.0
2014-09-04 00:00:00+00:00,0.0
2014-09-05 00:00:00+00:00,0.0
2014-09-09 00:00:00+00:00,0.0
2014-09-10 00:00:00+00:00,0.0
2014-09-11 00:00:00+00:00,0.0
2014-09-12 00:00:00+00:00,0.0
2014-09-15 00:00:00+00:00,0.0
2014-09-16 00:00:00+00:00,0.0
2014-09-17 00:00:00+00:00,0.0
2014-09-18 00:00:00+00:00,0.0
2014-09-19 00:00:00+00:00,0.0
2014-09-22 00:00:00+00:00,0.0
2014-09-23 00:00:00+00:00,0.0
2014-09-24 00:00:00+00:00,0.0
2014-09-25 00:00:00+00:00,0.0
2014-09-26 00:00:00+00:00,0.0
2014-09-29 00:00:00+00:00,0.0
2014-09-30 00:00:00+00:00,0.0
2014-10-08 00:00:00+00:00,0.0
2014-10-09 00:00:00+00:00,0.0
2014-10-10 00:00:00+00:00,0.0
2014-10-13 00:00:00+00:00,0.0
2014-10-14 00:00:00+00:00,0.0
2014-10-15 00:00:00+00:00,0.0
2014-10-16 00:00:00+00:00,0.0
2014-10-17 00:00:00+00:00,0.0
2014-10-20 00:00:00+00:00,0.0
2014-10-21 00:00:00+00:00,0.0
2014-10-22 00:00:00+00:00,0.0
2014-10-23 00:00:00+00:00,0.0
2014-10-24 00:00:00+00:00,0.0
2014-10-27 00:00:00+00:00,0.0
2014-10-28 00:00:00+00:00,0.0
2014-10-29 00:00:00+00:00,0.0
2014-10-30 00:00:00+00:00,0.0
2014-10-31 00:00:00+00:00,0.0
2014-11-03 00:00:00+00:00,0.0
2014-11-04 00:00:00+00:00,0.0
2014-11-05 00:00:00+00:00,0.0
2014-11-06 00:00:00+00:00,0.0
2014-11-07 00:00:00+00:00,0.0
2014-11-10 00:00:00+00:00,0.0
2014-11-11 00:00:00+00:00,0.0
2014-11-12 00:00:00+00:00,0.0
2014-11-13 00:00:00+00:00,0.0
2014-11-14 00:00:00+00:00,0.0
2014-11-17 00:00:00+00:00,0.0
2014-11-18 00:00:00+00:00,0.0
2014-11-19 00:00:00+00:00,0.0
2014-11-20 00:00:00+00:00,0.0
2014-11-21 00:00:00+00:00,0.0
2014-11-24 00:00:00+00:00,0.0
2014-11-25 00:00:00+00:00,0.0
2014-11-26 00:00:00+00:00,0.0
2014-11-27 00:00:00+00:00,0.0
2014-11-28 00:00:00+00:00,0.0
2014-12-01 00:00:00+00:00,0.0
2014-12-02 00:00:00+00:00,0.0
2014-12-03 00:00:00+00:00,0.0
2014-12-04 00:00:00+00:00,0.0
2014-12-05 00:00:00+00:00,0.0
2014-12-08 00:00:00+00:00,0.0
2014-12-09 00:00:00+00:00,0.0
2014-12-10 00:00:00+00:00,0.0
2014-12-11 00:00:00+00:00,0.0
2014-12-12 00:00:00+00:00,0.0
2014-12-15 00:00:00+00:00,0.0
2014-12-16 00:00:00+00:00,0.0
2014-12-17 00:00:00+00:00,0.0
2014-12-18 00:00:00+00:00,0.0
2014-12-19 00:00:00+00:00,0.0
2014-12-22 00:00:00+00:00,0.0
2014-12-23 00:00:00+00:00,0.0
2014-12-24 00:00:00+00:00,0.0
2014-12-25 00:00:00+00:00,0.0
2014-12-26 00:00:00+00:00,0.0
2014-12-27 00:00:00+00:00,0.0
2014-12-29 00:00:00+00:00,0.0
2014-12-30 00:00:00+00:00,-0.00019517799999990704
2014-12-31 00:00:00+00:00,0.0
2015-01-05 00:00:00+00:00,0.0
2015-01-06 00:00:00+00:00,0.0
2015-01-07 00:00:00+00:00,0.0
2015-01-08 00:00:00+00:00,0.0
2015-01-09 00:00:00+00:00,0.0
2015-01-10 00:00:00+00:00,0.0
2015-01-12 00:00:00+00:00,0.0
2015-01-13 00:00:00+00:00,0.0
2015-01-14 00:00:00+00:00,0.0
2015-01-15 00:00:00+00:00,0.0
2015-01-16 00:00:00+00:00,0.0
2015-01-17 00:00:00+00:00,0.0
2015-01-19 00:00:00+00:00,0.0
2015-01-20 00:00:00+00:00,0.0
2015-01-21 00:00:00+00:00,0.0
2015-01-22 00:00:00+00:00,0.0
2015-01-23 00:00:00+00:00,0.0
2015-01-24 00:00:00+00:00,0.0
2015-01-26 00:00:00+00:00,0.0
2015-01-27 00:00:00+00:00,0.0
2015-01-28 00:00:00+00:00,0.0
2015-01-29 00:00:00+00:00,0.0
2015-01-30 00:00:00+00:00,1.5510027216114608e-05
2015-01-31 00:00:00+00:00,0.0
2015-02-02 00:00:00+00:00,0.0
2015-02-03 00:00:00+00:00,0.0
2015-02-04 00:00:00+00:00,0.0
2015-02-05 00:00:00+00:00,0.0
2015-02-06 00:00:00+00:00,0.0
2015-02-07 00:00:00+00:00,0.0
2015-02-09 00:00:00+00:00,-3.443818754356176e-05
2015-02-10 00:00:00+00:00,0.0
2015-02-11 00:00:00+00:00,0.0
2015-02-12 00:00:00+00:00,0.0
2015-02-13 00:00:00+00:00,0.0
2015-02-14 00:00:00+00:00,0.0
2015-02-16 00:00:00+00:00,-0.00028504602920986777
2015-02-17 00:00:00+00:00,-0.0006051830395927826
2015-02-25 00:00:00+00:00,-0.00019478904106295936
2015-02-26 00:00:00+00:00,0.0
2015-02-27 00:00:00+00:00,-6.476109506670102e-05
2015-02-28 00:00:00+00:00,0.0
2015-03-02 00:00:00+00:00,0.0
2015-03-03 00:00:00+00:00,0.0
2015-03-04 00:00:00+00:00,0.0
2015-03-05 00:00:00+00:00,0.0
2015-03-06 00:00:00+00:00,0.0
2015-03-07 00:00:00+00:00,0.00022240018037389397
2015-03-09 00:00:00+00:00,0.00040452261005441414
2015-03-10 00:00:00+00:00,0.0
2015-03-11 00:00:00+00:00,0.0
2015-03-12 00:00:00+00:00,0.0
2015-03-13 00:00:00+00:00,0.0
2015-03-14 00:00:00+00:00,0.0
2015-03-16 00:00:00+00:00,0.0
2015-03-17 00:00:00+00:00,0.0
2015-03-18 00:00:00+00:00,0.0
2015-03-19 00:00:00+00:00,0.0
2015-03-20 00:00:00+00:00,0.0
2015-03-21 00:00:00+00:00,0.0
2015-03-23 00:00:00+00:00,2.6233335594927354e-05
2015-03-24 00:00:00+00:00,0.0
2015-03-25 00:00:00+00:00,0.0
2015-03-26 00:00:00+00:00,0.0
2015-03-27 00:00:00+00:00,0.0
2015-03-28 00:00:00+00:00,0.0
2015-03-30 00:00:00+00:00,0.0003770870515764635
2015-03-31 00:00:00+00:00,5.7084067734081145e-05
2015-04-01 00:00:00+00:00,0.0
2015-04-02 00:00:00+00:00,0.0
2015-04-03 00:00:00+00:00,0.0
2015-04-07 00:00:00+00:00,0.0005077846380645568
2015-04-08 00:00:00+00:00,0.0
2015-04-09 00:00:00+00:00,0.0
2015-04-10 00:00:00+00:00,0.0
2015-04-11 00:00:00+00:00,0.0
2015-04-13 00:00:00+00:00,0.00019769139654868262
2015-04-14 00:00:00+00:00,0.0
2015-04-15 00:00:00+00:00,0.0
2015-04-16 00:00:00+00:00,0.0
2015-04-17 00:00:00+00:00,0.0
2015-04-18 00:00:00+00:00,1.1774955408938581e-05
2015-04-20 00:00:00+00:00,-0.00042396337259531514
2015-04-21 00:00:00+00:00,0.0
2015-04-22 00:00:00+00:00,0.0
2015-04-23 00:00:00+00:00,0.0
2015-04-24 00:00:00+00:00,0.0
2015-04-25 00:00:00+00:00,0.0
2015-04-27 00:00:00+00:00,0.0
2015-04-28 00:00:00+00:00,0.0
2015-04-29 00:00:00+00:00,0.0
2015-04-30 00:00:00+00:00,0.0
2015-05-04 00:00:00+00:00,-0.0004532107273274022
2015-05-05 00:00:00+00:00,0.0
2015-05-06 00:00:00+00:00,-0.00027390374277314056
2015-05-07 00:00:00+00:00,0.0
2015-05-08 00:00:00+00:00,0.0
2015-05-09 00:00:00+00:00,0.0
2015-05-11 00:00:00+00:00,0.0
2015-05-12 00:00:00+00:00,-0.00028377475107821404
2015-05-13 00:00:00+00:00,0.0
2015-05-14 00:00:00+00:00,0.0
2015-05-15 00:00:00+00:00,0.0
2015-05-16 00:00:00+00:00,0.0
2015-05-18 00:00:00+00:00,0.0
2015-05-19 00:00:00+00:00,0.0
2015-05-20 00:00:00+00:00,0.0
2015-05-21 00:00:00+00:00,0.0
2015-05-22 00:00:00+00:00,0.0
2015-05-23 00:00:00+00:00,0.0
2015-05-25 00:00:00+00:00,0.0
2015-05-26 00:00:00+00:00,0.0
2015-05-27 00:00:00+00:00,0.0
2015-05-28 00:00:00+00:00,0.0
2015-05-29 00:00:00+00:00,0.0
2015-05-30 00:00:00+00:00,0.0
2015-06-01 00:00:00+00:00,0.0
2015-06-02 00:00:00+00:00,0.0
2015-06-03 00:00:00+00:00,0.0
2015-06-04 00:00:00+00:00,0.0
2015-06-05 00:00:00+00:00,0.0
2015-06-06 00:00:00+00:00,0.0
2015-06-08 00:00:00+00:00,0.0
2015-06-09 00:00:00+00:00,0.0
2015-06-10 00:00:00+00:00,0.0
2015-06-11 00:00:00+00:00,0.0
2015-06-12 00:00:00+00:00,0.0
2015-06-13 00:00:00+00:00,0.0
2015-06-15 00:00:00+00:00,0.0
2015-06-16 00:00:00+00:00,0.0
2015-06-17 00:00:00+00:00,0.0
2015-06-18 00:00:00+00:00,0.0
2015-06-19 00:00:00+00:00,0.0
2015-06-23 00:00:00+00:00,0.0
2015-06-24 00:00:00+00:00,0.0
2015-06-25 00:00:00+00:00,0.0
2015-06-26 00:00:00+00:00,0.0
2015-06-27 00:00:00+00:00,0.0
2015-06-29 00:00:00+00:00,0.0
2015-06-30 00:00:00+00:00,0.0
2015-07-01 00:00:00+00:00,0.0
2015-07-02 00:00:00+00:00,0.0
2015-07-03 00:00:00+00:00,0.0
2015-07-04 00:00:00+00:00,0.0
2015-07-06 00:00:00+00:00,0.0
2015-07-07 00:00:00+00:00,0.0
2015-07-08 00:00:00+00:00,0.0
2015-07-09 00:00:00+00:00,0.0
2015-07-10 00:00:00+00:00,0.0
2015-07-11 00:00:00+00:00,0.0
2015-07-13 00:00:00+00:00,0.0
2015-07-14 00:00:00+00:00,0.0
2015-07-15 00:00:00+00:00,-0.0002115624047352993
2015-07-16 00:00:00+00:00,0.0
2015-07-17 00:00:00+00:00,0.0
2015-07-18 00:00:00+00:00,0.0
2015-07-20 00:00:00+00:00,0.0
2015-07-21 00:00:00+00:00,0.0
2015-07-22 00:00:00+00:00,0.0
2015-07-23 00:00:00+00:00,0.0
2015-07-24 00:00:00+00:00,0.0
2015-07-25 00:00:00+00:00,0.0
2015-07-27 00:00:00+00:00,0.0
2015-07-28 00:00:00+00:00,0.0
2015-07-29 00:00:00+00:00,0.0
2015-07-30 00:00:00+00:00,0.0
2015-07-31 00:00:00+00:00,0.0
2015-08-01 00:00:00+00:00,0.0
2015-08-03 00:00:00+00:00,0.00046890143886701985
2015-08-04 00:00:00+00:00,0.0
2015-08-05 00:00:00+00:00,0.0
2015-08-06 00:00:00+00:00,0.0
2015-08-07 00:00:00+00:00,-0.00033180271910460135
2015-08-08 00:00:00+00:00,0.0
2015-08-10 00:00:00+00:00,0.0
2015-08-11 00:00:00+00:00,0.0
2015-08-12 00:00:00+00:00,0.0
2015-08-13 00:00:00+00:00,0.0
2015-08-14 00:00:00+00:00,0.0
2015-08-15 00:00:00+00:00,0.0
2015-08-17 00:00:00+00:00,0.0
2015-08-18 00:00:00+00:00,0.0
2015-08-19 00:00:00+00:00,0.0
2015-08-20 00:00:00+00:00,0.0
2015-08-21 00:00:00+00:00,0.0
2015-08-22 00:00:00+00:00,0.0
2015-08-24 00:00:00+00:00,0.0
2015-08-25 00:00:00+00:00,0.0
2015-08-26 00:00:00+00:00,0.0
2015-08-27 00:00:00+00:00,0.0
2015-08-28 00:00:00+00:00,0.0
2015-08-29 00:00:00+00:00,0.0
2015-08-31 00:00:00+00:00,0.0006390642248408351
2015-09-01 00:00:00+00:00,0.0
2015-09-02 00:00:00+00:00,0.0
2015-09-07 00:00:00+00:00,-0.00064187546924388
2015-09-08 00:00:00+00:00,0.0
2015-09-09 00:00:00+00:00,0.0
2015-09-10 00:00:00+00:00,0.0
2015-09-11 00:00:00+00:00,0.0
2015-09-12 00:00:00+00:00,0.0
2015-09-14 00:00:00+00:00,0.0
2015-09-15 00:00:00+00:00,0.0
2015-09-16 00:00:00+00:00,0.0
2015-09-17 00:00:00+00:00,0.0
2015-09-18 00:00:00+00:00,0.0
2015-09-19 00:00:00+00:00,0.0
2015-09-21 00:00:00+00:00,0.0
2015-09-22 00:00:00+00:00,0.0
2015-09-23 00:00:00+00:00,-0.000291608697838841
2015-09-24 00:00:00+00:00,0.0
2015-09-25 00:00:00+00:00,0.0
2015-09-28 00:00:00+00:00,0.0
2015-09-29 00:00:00+00:00,0.0
2015-09-30 00:00:00+00:00,0.0
2015-10-08 00:00:00+00:00,0.0
2015-10-09 00:00:00+00:00,0.0
2015-10-10 00:00:00+00:00,0.0
2015-10-12 00:00:00+00:00,0.0
2015-10-13 00:00:00+00:00,0.0
2015-10-14 00:00:00+00:00,0.0
2015-10-15 00:00:00+00:00,0.0
2015-10-16 00:00:00+00:00,0.0
2015-10-17 00:00:00+00:00,0.0
2015-10-19 00:00:00+00:00,0.0
2015-10-20 00:00:00+00:00,0.0
2015-10-21 00:00:00+00:00,0.0
2015-10-22 00:00:00+00:00,0.0
2015-10-23 00:00:00+00:00,0.0
2015-10-24 00:00:00+00:00,0.0
2015-10-26 00:00:00+00:00,0.0
2015-10-27 00:00:00+00:00,0.0
2015-10-28 00:00:00+00:00,-0.0004914521520177351
2015-10-29 00:00:00+00:00,0.0
2015-10-30 00:00:00+00:00,-1.0846113010276603e-05
2015-10-31 00:00:00+00:00,0.0
2015-11-02 00:00:00+00:00,0.0
2015-11-03 00:00:00+00:00,0.0
2015-11-04 00:00:00+00:00,0.0
2015-11-05 00:00:00+00:00,0.0
2015-11-06 00:00:00+00:00,-0.00011070248493172397
2015-11-07 00:00:00+00:00,0.0
2015-11-09 00:00:00+00:00,0.0
2015-11-10 00:00:00+00:00,0.0
2015-11-11 00:00:00+00:00,0.0
2015-11-12 00:00:00+00:00,0.0
2015-11-13 00:00:00+00:00,0.0
2015-11-14 00:00:00+00:00,0.0
2015-11-16 00:00:00+00:00,0.0
2015-11-17 00:00:00+00:00,0.0
2015-11-18 00:00:00+00:00,0.0
2015-11-19 00:00:00+00:00,0.0
2015-11-20 00:00:00+00:00,0.0
2015-11-21 00:00:00+00:00,0.0
2015-11-23 00:00:00+00:00,0.0
2015-11-24 00:00:00+00:00,0.0
2015-11-25 00:00:00+00:00,0.0
2015-11-26 00:00:00+00:00,0.0
2015-11-27 00:00:00+00:00,0.0
2015-11-28 00:00:00+00:00,0.0
2015-11-30 00:00:00+00:00,0.0
2015-12-01 00:00:00+00:00,0.0
2015-12-02 00:00:00+00:00,0.0
2015-12-03 00:00:00+00:00,0.0
2015-12-04 00:00:00+00:00,0.0
2015-12-05 00:00:00+00:00,0.0
2015-12-07 00:00:00+00:00,0.0
2015-12-08 00:00:00+00:00,0.0
2015-12-09 00:00:00+00:00,0.0
2015-12-10 00:00:00+00:00,0.0
2015-12-11 00:00:00+00:00,0.0
2015-12-12 00:00:00+00:00,0.0
2015-12-14 00:00:00+00:00,0.0
2015-12-15 00:00:00+00:00,-0.00020961614280567975
2015-12-16 00:00:00+00:00,0.0
2015-12-17 00:00:00+00:00,0.0
2015-12-18 00:00:00+00:00,0.0
2015-12-19 00:00:00+00:00,0.0
2015-12-21 00:00:00+00:00,0.0
2015-12-22 00:00:00+00:00,0.0
2015-12-23 00:00:00+00:00,-0.00017991409827144977
2015-12-24 00:00:00+00:00,0.0
2015-12-25 00:00:00+00:00,0.0
2015-12-26 00:00:00+00:00,0.0
2015-12-28 00:00:00+00:00,6.04679730757951e-05
2015-12-29 00:00:00+00:00,0.0
2015-12-30 00:00:00+00:00,6.011551323603648e-05
2015-12-31 00:00:00+00:00,0.0
2016-01-04 00:00:00+00:00,0.0
2016-01-05 00:00:00+00:00,0.0
2016-01-06 00:00:00+00:00,0.0
2016-01-07 00:00:00+00:00,0.0
2016-01-08 00:00:00+00:00,0.0
2016-01-09 00:00:00+00:00,-4.685414731298021e-05
2016-01-11 00:00:00+00:00,-7.311750415905927e-05
2016-01-12 00:00:00+00:00,0.0
2016-01-13 00:00:00+00:00,0.0
2016-01-14 00:00:00+00:00,0.0
2016-01-15 00:00:00+00:00,0.0004413502814493153
2016-01-16 00:00:00+00:00,0.0
2016-01-18 00:00:00+00:00,0.0
2016-01-19 00:00:00+00:00,0.0
2016-01-20 00:00:00+00:00,0.0
2016-01-21 00:00:00+00:00,0.0
2016-01-22 00:00:00+00:00,0.0
2016-01-23 00:00:00+00:00,0.0
2016-01-25 00:00:00+00:00,0.0
2016-01-26 00:00:00+00:00,0.0
2016-01-27 00:00:00+00:00,0.0
2016-01-28 00:00:00+00:00,-0.00031065756006842804
2016-01-29 00:00:00+00:00,0.0
2016-01-30 00:00:00+00:00,0.0
2016-02-01 00:00:00+00:00,0.0
2016-02-02 00:00:00+00:00,0.0
2016-02-03 00:00:00+00:00,0.0
2016-02-04 00:00:00+00:00,0.0
2016-02-05 00:00:00+00:00,0.0
2016-02-15 00:00:00+00:00,0.0
2016-02-16 00:00:00+00:00,3.9563368462891546e-05
2016-02-17 00:00:00+00:00,0.0
2016-02-18 00:00:00+00:00,0.0
2016-02-19 00:00:00+00:00,0.0
2016-02-20 00:00:00+00:00,0.0
2016-02-22 00:00:00+00:00,0.0
2016-02-23 00:00:00+00:00,-0.0003921764814771578
2016-02-24 00:00:00+00:00,0.0
2016-02-25 00:00:00+00:00,0.0
2016-02-26 00:00:00+00:00,0.0
2016-02-27 00:00:00+00:00,0.0
2016-02-29 00:00:00+00:00,0.0
2016-03-01 00:00:00+00:00,0.0
2016-03-02 00:00:00+00:00,0.0
2016-03-03 00:00:00+00:00,0.0
2016-03-04 00:00:00+00:00,0.0
2016-03-05 00:00:00+00:00,0.0
2016-03-07 00:00:00+00:00,0.0
2016-03-08 00:00:00+00:00,0.0
2016-03-09 00:00:00+00:00,0.0002681292304287375
2016-03-10 00:00:00+00:00,0.0
2016-03-11 00:00:00+00:00,0.0
2016-03-12 00:00:00+00:00,0.0
2016-03-14 00:00:00+00:00,0.0
2016-03-15 00:00:00+00:00,0.0
2016-03-16 00:00:00+00:00,0.0
2016-03-17 00:00:00+00:00,0.0
2016-03-18 00:00:00+00:00,0.0
2016-03-19 00:00:00+00:00,0.0
2016-03-21 00:00:00+00:00,0.0
2016-03-22 00:00:00+00:00,0.0
2016-03-23 00:00:00+00:00,0.0
2016-03-24 00:00:00+00:00,9.816254057271045e-05
2016-03-25 00:00:00+00:00,0.0
2016-03-26 00:00:00+00:00,0.0
2016-03-28 00:00:00+00:00,0.0
2016-03-29 00:00:00+00:00,0.0
2016-03-30 00:00:00+00:00,0.0
2016-03-31 00:00:00+00:00,0.0
2016-04-01 00:00:00+00:00,0.0
2016-04-05 00:00:00+00:00,0.00026859028735914947
2016-04-06 00:00:00+00:00,0.0
2016-04-07 00:00:00+00:00,0.0
2016-04-08 00:00:00+00:00,0.0
2016-04-09 00:00:00+00:00,5.285818282008137e-05
2016-04-11 00:00:00+00:00,0.0003756544858239952
2016-04-12 00:00:00+00:00,0.0
2016-04-13 00:00:00+00:00,0.0
2016-04-14 00:00:00+00:00,0.0
2016-04-15 00:00:00+00:00,0.0
2016-04-16 00:00:00+00:00,0.0
2016-04-18 00:00:00+00:00,0.0
2016-04-19 00:00:00+00:00,0.0
2016-04-20 00:00:00+00:00,0.0
2016-04-21 00:00:00+00:00,0.0
2016-04-22 00:00:00+00:00,0.0
2016-04-23 00:00:00+00:00,0.0
2016-04-25 00:00:00+00:00,0.0
2016-04-26 00:00:00+00:00,0.0
2016-04-27 00:00:00+00:00,0.0
2016-04-28 00:00:00+00:00,0.0
2016-04-29 00:00:00+00:00,0.0
2016-05-03 00:00:00+00:00,0.0006572549016261586
2016-05-04 00:00:00+00:00,0.0
2016-05-05 00:00:00+00:00,0.0
2016-05-06 00:00:00+00:00,0.0
2016-05-09 00:00:00+00:00,0.0
2016-05-10 00:00:00+00:00,0.0
2016-05-11 00:00:00+00:00,0.0
2016-05-12 00:00:00+00:00,0.0
2016-05-13 00:00:00+00:00,0.0
2016-05-16 00:00:00+00:00,0.0
2016-05-17 00:00:00+00:00,0.0
2016-05-18 00:00:00+00:00,-0.000912570220459763
2016-05-19 00:00:00+00:00,0.0
2016-05-20 00:00:00+00:00,0.0
2016-05-23 00:00:00+00:00,0.00012924804834257841
2016-05-24 00:00:00+00:00,0.0
2016-05-25 00:00:00+00:00,0.0
2016-05-26 00:00:00+00:00,0.0
2016-05-27 00:00:00+00:00,0.0
2016-05-30 00:00:00+00:00,0.0
2016-05-31 00:00:00+00:00,0.0
2016-06-01 00:00:00+00:00,0.0
2016-06-02 00:00:00+00:00,0.0
2016-06-03 00:00:00+00:00,0.0
2016-06-06 00:00:00+00:00,0.0
2016-06-07 00:00:00+00:00,0.0
2016-06-08 00:00:00+00:00,1.851356367210677e-05
2016-06-13 00:00:00+00:00,0.0
2016-06-14 00:00:00+00:00,0.0
2016-06-15 00:00:00+00:00,0.0
2016-06-16 00:00:00+00:00,0.0
2016-06-17 00:00:00+00:00,0.0
2016-06-20 00:00:00+00:00,0.0
2016-06-21 00:00:00+00:00,0.0
2016-06-22 00:00:00+00:00,0.0
2016-06-23 00:00:00+00:00,0.0
2016-06-24 00:00:00+00:00,0.0
2016-06-27 00:00:00+00:00,0.0
2016-06-28 00:00:00+00:00,0.0
2016-06-29 00:00:00+00:00,0.00012736991827244637
2016-06-30 00:00:00+00:00,-7.332236739376885e-05
2016-07-01 00:00:00+00:00,0.00013710341046691
2016-07-04 00:00:00+00:00,0.0
2016-07-05 00:00:00+00:00,0.0
2016-07-06 00:00:00+00:00,0.0
2016-07-07 00:00:00+00:00,0.0
2016-07-08 00:00:00+00:00,0.0
2016-07-11 00:00:00+00:00,0.0
2016-07-12 00:00:00+00:00,0.0
2016-07-13 00:00:00+00:00,0.0
2016-07-14 00:00:00+00:00,0.0
2016-07-15 00:00:00+00:00,0.0
2016-07-18 00:00:00+00:00,-0.0009749834972102578
2016-07-19 00:00:00+00:00,-0.0003440439135291573
2016-07-20 00:00:00+00:00,0.0
2016-07-21 00:00:00+00:00,0.0
2016-07-22 00:00:00+00:00,-0.0009158983691825995
2016-07-25 00:00:00+00:00,0.0
2016-07-26 00:00:00+00:00,0.0
2016-07-27 00:00:00+00:00,-0.00025501434202490625
2016-07-28 00:00:00+00:00,-0.0005665772696117344
2016-07-29 00:00:00+00:00,0.0
2016-08-01 00:00:00+00:00,0.0
2016-08-02 00:00:00+00:00,0.0
2016-08-03 00:00:00+00:00,0.0
2016-08-04 00:00:00+00:00,0.0
2016-08-05 00:00:00+00:00,0.0
2016-08-08 00:00:00+00:00,0.0
2016-08-09 00:00:00+00:00,0.0
2016-08-10 00:00:00+00:00,3.511065223560372e-05
2016-08-11 00:00:00+00:00,0.0
2016-08-12 00:00:00+00:00,0.0
2016-08-15 00:00:00+00:00,0.0
2016-08-16 00:00:00+00:00,0.0
2016-08-17 00:00:00+00:00,0.0
2016-08-18 00:00:00+00:00,-8.42121821982289e-05
2016-08-19 00:00:00+00:00,0.0
2016-08-22 00:00:00+00:00,0.0
2016-08-23 00:00:00+00:00,0.0
2016-08-24 00:00:00+00:00,0.0
2016-08-25 00:00:00+00:00,0.0
2016-08-26 00:00:00+00:00,0.0
2016-08-29 00:00:00+00:00,-2.3477565562202152e-05
2016-08-30 00:00:00+00:00,-2.335555760624164e-05
2016-08-31 00:00:00+00:00,0.0
2016-09-01 00:00:00+00:00,0.00041884970148453604
2016-09-02 00:00:00+00:00,-0.00037481650844839454
2016-09-05 00:00:00+00:00,0.0
2016-09-06 00:00:00+00:00,0.0
2016-09-07 00:00:00+00:00,0.0
2016-09-08 00:00:00+00:00,0.0
2016-09-09 00:00:00+00:00,0.0
2016-09-12 00:00:00+00:00,0.0
2016-09-13 00:00:00+00:00,0.0
2016-09-14 00:00:00+00:00,0.0
2016-09-19 00:00:00+00:00,0.0
2016-09-20 00:00:00+00:00,0.0
2016-09-21 00:00:00+00:00,0.0
2016-09-22 00:00:00+00:00,0.0
2016-09-23 00:00:00+00:00,0.0
2016-09-26 00:00:00+00:00,0.00036871871413124424
2016-09-27 00:00:00+00:00,0.0
2016-09-28 00:00:00+00:00,0.0
2016-09-29 00:00:00+00:00,0.0
2016-09-30 00:00:00+00:00,0.0
2016-10-10 00:00:00+00:00,0.0
2016-10-11 00:00:00+00:00,0.0
2016-10-12 00:00:00+00:00,0.0
2016-10-13 00:00:00+00:00,0.0
2016-10-14 00:00:00+00:00,0.0
2016-10-17 00:00:00+00:00,0.0
2016-10-18 00:00:00+00:00,-4.370546766152561e-05
2016-10-19 00:00:00+00:00,0.0004681970715549877
2016-10-20 00:00:00+00:00,0.0
2016-10-21 00:00:00+00:00,0.0
2016-10-24 00:00:00+00:00,0.0
2016-10-25 00:00:00+00:00,0.0
2016-10-26 00:00:00+00:00,0.0
2016-10-27 00:00:00+00:00,3.5532325814102705e-05
2016-10-28 00:00:00+00:00,0.0
2016-10-31 00:00:00+00:00,0.0
2016-11-01 00:00:00+00:00,-0.0003466333811631417
2016-11-02 00:00:00+00:00,0.0010088300553270368
2016-11-03 00:00:00+00:00,0.0
2016-11-04 00:00:00+00:00,0.0
2016-11-07 00:00:00+00:00,0.0
2016-11-08 00:00:00+00:00,0.0
2016-11-09 00:00:00+00:00,-0.00043818372658777083
2016-11-10 00:00:00+00:00,0.0
2016-11-11 00:00:00+00:00,0.00025264782679590425
2016-11-14 00:00:00+00:00,0.0012457273119179657
2016-11-15 00:00:00+00:00,0.0
2016-11-16 00:00:00+00:00,0.0
2016-11-17 00:00:00+00:00,0.0
2016-11-18 00:00:00+00:00,0.0
2016-11-21 00:00:00+00:00,0.0
2016-11-22 00:00:00+00:00,0.0
2016-11-23 00:00:00+00:00,0.0
2016-11-24 00:00:00+00:00,0.0
2016-11-25 00:00:00+00:00,-0.0005602690114502318
2016-11-28 00:00:00+00:00,0.0
2016-11-29 00:00:00+00:00,0.0
2016-11-30 00:00:00+00:00,0.0
2016-12-01 00:00:00+00:00,0.0
2016-12-02 00:00:00+00:00,0.0
2016-12-05 00:00:00+00:00,0.0
2016-12-06 00:00:00+00:00,0.0
2016-12-07 00:00:00+00:00,-0.0014031340132519832
2016-12-08 00:00:00+00:00,0.0
2016-12-09 00:00:00+00:00,0.0
2016-12-12 00:00:00+00:00,0.0
2016-12-13 00:00:00+00:00,0.0
2016-12-14 00:00:00+00:00,0.0
2016-12-15 00:00:00+00:00,0.0
2016-12-16 00:00:00+00:00,0.0
2016-12-19 00:00:00+00:00,-0.0005098577998033926
2016-12-20 00:00:00+00:00,2.2259441250227496e-06
2016-12-21 00:00:00+00:00,0.0
2016-12-22 00:00:00+00:00,0.0
2016-12-23 00:00:00+00:00,0.0
2016-12-26 00:00:00+00:00,0.0007364051654155102
2016-12-27 00:00:00+00:00,0.00014352162860231665
2016-12-28 00:00:00+00:00,0.0
2016-12-29 00:00:00+00:00,0.0
2016-12-30 00:00:00+00:00,0.0
2017-01-03 00:00:00+00:00,0.0
2017-01-04 00:00:00+00:00,0.0
2017-01-05 00:00:00+00:00,0.0
2017-01-06 00:00:00+00:00,0.0
2017-01-09 00:00:00+00:00,0.0
2017-01-10 00:00:00+00:00,-7.838131484994015e-05
2017-01-11 00:00:00+00:00,0.0
2017-01-12 00:00:00+00:00,0.0
2017-01-13 00:00:00+00:00,0.0
2017-01-16 00:00:00+00:00,0.00039184194514829684
2017-01-17 00:00:00+00:00,0.0
2017-01-18 00:00:00+00:00,0.0
2017-01-19 00:00:00+00:00,0.0
2017-01-20 00:00:00+00:00,0.0
2017-01-23 00:00:00+00:00,0.0
2017-01-24 00:00:00+00:00,0.0
2017-01-25 00:00:00+00:00,0.0
2017-01-26 00:00:00+00:00,0.0
2017-02-03 00:00:00+00:00,-0.001955322101696799
2017-02-06 00:00:00+00:00,0.0
2017-02-07 00:00:00+00:00,0.0
2017-02-08 00:00:00+00:00,0.000583987724210866
2017-02-09 00:00:00+00:00,0.0
2017-02-10 00:00:00+00:00,0.0
2017-02-13 00:00:00+00:00,0.0
2017-02-14 00:00:00+00:00,0.0
2017-02-15 00:00:00+00:00,0.0
2017-02-16 00:00:00+00:00,0.0012348786768017206
2017-02-17 00:00:00+00:00,-0.00010131203998542393
2017-02-20 00:00:00+00:00,-0.00036246061158862197
2017-02-21 00:00:00+00:00,0.0
2017-02-22 00:00:00+00:00,0.0
2017-02-23 00:00:00+00:00,0.0
2017-02-24 00:00:00+00:00,0.0
2017-02-27 00:00:00+00:00,0.00017929526004323293
2017-02-28 00:00:00+00:00,0.0010527512722355858
2017-03-01 00:00:00+00:00,0.0
2017-03-02 00:00:00+00:00,0.0
2017-03-03 00:00:00+00:00,0.0
2017-03-06 00:00:00+00:00,0.0
2017-03-07 00:00:00+00:00,0.0
2017-03-08 00:00:00+00:00,0.00024055553977664346
2017-03-09 00:00:00+00:00,0.0005815497459904506
2017-03-10 00:00:00+00:00,0.0
2017-03-13 00:00:00+00:00,0.0
2017-03-14 00:00:00+00:00,0.0
2017-03-15 00:00:00+00:00,0.0005393150625170318
2017-03-16 00:00:00+00:00,0.0
2017-03-17 00:00:00+00:00,0.0
2017-03-20 00:00:00+00:00,0.0
2017-03-21 00:00:00+00:00,0.0
2017-03-22 00:00:00+00:00,0.0
2017-03-23 00:00:00+00:00,0.0003023706286844341
2017-03-24 00:00:00+00:00,0.0
2017-03-27 00:00:00+00:00,0.0
2017-03-28 00:00:00+00:00,0.0
2017-03-29 00:00:00+00:00,0.0
2017-03-30 00:00:00+00:00,0.0
2017-03-31 00:00:00+00:00,0.0010234951650283097
2017-04-05 00:00:00+00:00,0.0
2017-04-06 00:00:00+00:00,0.0
2017-04-07 00:00:00+00:00,0.0
2017-04-10 00:00:00+00:00,0.0
2017-04-11 00:00:00+00:00,0.0
2017-04-12 00:00:00+00:00,0.0
2017-04-13 00:00:00+00:00,0.0
2017-04-14 00:00:00+00:00,0.0
2017-04-17 00:00:00+00:00,-1.5699488589371313e-05
2017-04-18 00:00:00+00:00,0.0
2017-04-19 00:00:00+00:00,0.0
2017-04-20 00:00:00+00:00,0.0
2017-04-21 00:00:00+00:00,0.0
2017-04-24 00:00:00+00:00,0.0
2017-04-25 00:00:00+00:00,0.00017412606162281463
2017-04-26 00:00:00+00:00,0.0
2017-04-27 00:00:00+00:00,0.0
2017-04-28 00:00:00+00:00,0.0
2017-05-02 00:00:00+00:00,0.0
2017-05-03 00:00:00+00:00,0.0
2017-05-04 00:00:00+00:00,-0.00017569044242282672
2017-05-05 00:00:00+00:00,0.0
2017-05-08 00:00:00+00:00,0.00015456863819118816
2017-05-09 00:00:00+00:00,5.462372210618405e-05
2017-05-10 00:00:00+00:00,0.0
2017-05-11 00:00:00+00:00,0.0
2017-05-12 00:00:00+00:00,0.0
2017-05-15 00:00:00+00:00,0.0
2017-05-16 00:00:00+00:00,0.0
2017-05-17 00:00:00+00:00,0.0
2017-05-18 00:00:00+00:00,0.0005741221187702816
2017-05-19 00:00:00+00:00,0.0
2017-05-22 00:00:00+00:00,0.0
2017-05-23 00:00:00+00:00,0.0
2017-05-24 00:00:00+00:00,0.0
2017-05-25 00:00:00+00:00,0.0
2017-05-26 00:00:00+00:00,0.0
2017-05-31 00:00:00+00:00,0.0
2017-06-01 00:00:00+00:00,-0.0001544965981595814
2017-06-02 00:00:00+00:00,0.000904827187236279
2017-06-05 00:00:00+00:00,0.0
2017-06-06 00:00:00+00:00,0.0
2017-06-07 00:00:00+00:00,0.0
2017-06-08 00:00:00+00:00,0.00026503931495547306
2017-06-09 00:00:00+00:00,0.0
2017-06-12 00:00:00+00:00,0.0
2017-06-13 00:00:00+00:00,0.0
2017-06-14 00:00:00+00:00,0.0
2017-06-15 00:00:00+00:00,0.0
2017-06-16 00:00:00+00:00,0.0
2017-06-19 00:00:00+00:00,0.0
2017-06-20 00:00:00+00:00,0.0
2017-06-21 00:00:00+00:00,0.0
2017-06-22 00:00:00+00:00,0.0
2017-06-23 00:00:00+00:00,0.0
2017-06-26 00:00:00+00:00,0.0
2017-06-27 00:00:00+00:00,0.0
2017-06-28 00:00:00+00:00,0.0
2017-06-29 00:00:00+00:00,0.00025339509423871753
2017-06-30 00:00:00+00:00,0.0
2017-07-03 00:00:00+00:00,-0.0006051650164590194
2017-07-04 00:00:00+00:00,0.0
2017-07-05 00:00:00+00:00,0.0
2017-07-06 00:00:00+00:00,0.0
2017-07-07 00:00:00+00:00,0.0
2017-07-10 00:00:00+00:00,0.0
2017-07-11 00:00:00+00:00,0.0
2017-07-12 00:00:00+00:00,0.0
2017-07-13 00:00:00+00:00,0.0
2017-07-14 00:00:00+00:00,0.0
2017-07-17 00:00:00+00:00,0.0
2017-07-18 00:00:00+00:00,0.0
2017-07-19 00:00:00+00:00,0.0
2017-07-20 00:00:00+00:00,0.00012230713645378088
2017-07-21 00:00:00+00:00,0.0
2017-07-24 00:00:00+00:00,0.0
2017-07-25 00:00:00+00:00,0.0
2017-07-26 00:00:00+00:00,0.0
2017-07-27 00:00:00+00:00,0.0
2017-07-28 00:00:00+00:00,0.0
2017-07-31 00:00:00+00:00,0.0
2017-08-01 00:00:00+00:00,0.0
2017-08-02 00:00:00+00:00,0.0
2017-08-03 00:00:00+00:00,0.0
2017-08-04 00:00:00+00:00,0.0
2017-08-07 00:00:00+00:00,0.0
2017-08-08 00:00:00+00:00,0.0008793862615934511
2017-08-09 00:00:00+00:00,0.0
2017-08-10 00:00:00+00:00,0.0
2017-08-11 00:00:00+00:00,0.0
2017-08-14 00:00:00+00:00,0.0
2017-08-15 00:00:00+00:00,0.0
2017-08-16 00:00:00+00:00,0.0
2017-08-17 00:00:00+00:00,-0.00031801986509705227
2017-08-18 00:00:00+00:00,0.0
2017-08-21 00:00:00+00:00,0.0
2017-08-22 00:00:00+00:00,0.0
2017-08-23 00:00:00+00:00,0.00016055530782344007
2017-08-24 00:00:00+00:00,0.0
2017-08-25 00:00:00+00:00,0.0
2017-08-28 00:00:00+00:00,-0.00026844748360843607
2017-08-29 00:00:00+00:00,0.0
2017-08-30 00:00:00+00:00,0.0
2017-08-31 00:00:00+00:00,0.0
2017-09-01 00:00:00+00:00,-0.00022918575716335265
2017-09-04 00:00:00+00:00,0.0
2017-09-05 00:00:00+00:00,0.0
2017-09-06 00:00:00+00:00,0.0
2017-09-07 00:00:00+00:00,0.0
2017-09-08 00:00:00+00:00,0.0
2017-09-11 00:00:00+00:00,0.0
2017-09-12 00:00:00+00:00,0.0
2017-09-13 00:00:00+00:00,0.0
2017-09-14 00:00:00+00:00,0.0
2017-09-15 00:00:00+00:00,0.0
2017-09-18 00:00:00+00:00,0.00049136808810335
2017-09-19 00:00:00+00:00,0.0
2017-09-20 00:00:00+00:00,0.0
2017-09-21 00:00:00+00:00,0.0
2017-09-22 00:00:00+00:00,0.0004724158237956466
2017-09-25 00:00:00+00:00,0.0
2017-09-26 00:00:00+00:00,0.0
2017-09-27 00:00:00+00:00,0.0
2017-09-28 00:00:00+00:00,0.0
2017-09-29 00:00:00+00:00,0.0
2017-10-09 00:00:00+00:00,0.0
2017-10-10 00:00:00+00:00,0.0
2017-10-11 00:00:00+00:00,0.0
2017-10-12 00:00:00+00:00,0.0
2017-10-13 00:00:00+00:00,0.0
2017-10-16 00:00:00+00:00,0.0
2017-10-17 00:00:00+00:00,0.0
2017-10-18 00:00:00+00:00,3.325472429205334e-05
2017-10-19 00:00:00+00:00,0.0
2017-10-20 00:00:00+00:00,0.0
2017-10-23 00:00:00+00:00,0.0
2017-10-24 00:00:00+00:00,0.0
2017-10-25 00:00:00+00:00,0.0
2017-10-26 00:00:00+00:00,0.0
2017-10-27 00:00:00+00:00,0.0
2017-10-30 00:00:00+00:00,0.0
2017-10-31 00:00:00+00:00,-0.0004146815071496279
2017-11-01 00:00:00+00:00,0.0
2017-11-02 00:00:00+00:00,0.0
2017-11-03 00:00:00+00:00,0.0
2017-11-06 00:00:00+00:00,0.0
2017-11-07 00:00:00+00:00,0.0
2017-11-08 00:00:00+00:00,0.0
2017-11-09 00:00:00+00:00,0.0011802624392822647
2017-11-10 00:00:00+00:00,0.0
2017-11-13 00:00:00+00:00,0.0
2017-11-14 00:00:00+00:00,0.0
2017-11-15 00:00:00+00:00,0.0
2017-11-16 00:00:00+00:00,3.4636161798662357e-06
2017-11-17 00:00:00+00:00,0.0
2017-11-20 00:00:00+00:00,0.0
2017-11-21 00:00:00+00:00,0.0
2017-11-22 00:00:00+00:00,0.0
2017-11-23 00:00:00+00:00,0.0
2017-11-24 00:00:00+00:00,0.0
2017-11-27 00:00:00+00:00,0.0
2017-11-28 00:00:00+00:00,-0.0002568946055478971
2017-11-29 00:00:00+00:00,0.0
2017-11-30 00:00:00+00:00,0.0
2017-12-01 00:00:00+00:00,0.0
2017-12-04 00:00:00+00:00,0.0
2017-12-05 00:00:00+00:00,0.0
2017-12-06 00:00:00+00:00,0.0
2017-12-07 00:00:00+00:00,0.0
2017-12-08 00:00:00+00:00,0.0
2017-12-11 00:00:00+00:00,0.0
2017-12-12 00:00:00+00:00,0.0
2017-12-13 00:00:00+00:00,0.0
2017-12-14 00:00:00+00:00,0.0
2017-12-15 00:00:00+00:00,0.0
2017-12-18 00:00:00+00:00,0.0
2017-12-19 00:00:00+00:00,0.0
2017-12-20 00:00:00+00:00,0.0
2017-12-21 00:00:00+00:00,0.0
2017-12-22 00:00:00+00:00,-0.0006565037091654791
2017-12-25 00:00:00+00:00,0.0
2017-12-26 00:00:00+00:00,0.0
2017-12-27 00:00:00+00:00,0.0
2017-12-28 00:00:00+00:00,0.0
2017-12-29 00:00:00+00:00,-0.00014784338472939584
2018-01-02 00:00:00+00:00,0.0
2018-01-03 00:00:00+00:00,0.0
2018-01-04 00:00:00+00:00,0.0
2018-01-05 00:00:00+00:00,0.0
2018-01-08 00:00:00+00:00,0.0
2018-01-09 00:00:00+00:00,0.0
2018-01-10 00:00:00+00:00,0.0
2018-01-11 00:00:00+00:00,-5.871637862753243e-05
2018-01-12 00:00:00+00:00,0.0
2018-01-15 00:00:00+00:00,0.0
2018-01-16 00:00:00+00:00,0.0
2018-01-17 00:00:00+00:00,0.0
2018-01-18 00:00:00+00:00,0.0
2018-01-19 00:00:00+00:00,0.0
2018-01-22 00:00:00+00:00,0.0
2018-01-23 00:00:00+00:00,0.0
2018-01-24 00:00:00+00:00,0.0
2018-01-25 00:00:00+00:00,0.0
2018-01-26 00:00:00+00:00,0.0
2018-01-29 00:00:00+00:00,0.0
2018-01-30 00:00:00+00:00,0.0
2018-01-31 00:00:00+00:00,0.0
2018-02-01 00:00:00+00:00,0.0001914609100481801
2018-02-02 00:00:00+00:00,0.0
2018-02-05 00:00:00+00:00,0.0
2018-02-06 00:00:00+00:00,0.0
2018-02-07 00:00:00+00:00,0.0
2018-02-08 00:00:00+00:00,0.0
2018-02-09 00:00:00+00:00,0.0
2018-02-12 00:00:00+00:00,0.0
2018-02-13 00:00:00+00:00,0.0
2018-02-14 00:00:00+00:00,0.0
2018-02-22 00:00:00+00:00,0.0
2018-02-23 00:00:00+00:00,0.0
2018-02-26 00:00:00+00:00,0.0
2018-02-27 00:00:00+00:00,0.0
2018-02-28 00:00:00+00:00,0.0
2018-03-01 00:00:00+00:00,0.0
2018-03-02 00:00:00+00:00,0.0
2018-03-05 00:00:00+00:00,0.0
2018-03-06 00:00:00+00:00,0.0
2018-03-07 00:00:00+00:00,0.00030101315496611214
2018-03-08 00:00:00+00:00,-0.0002670833658126037
2018-03-09 00:00:00+00:00,0.0
2018-03-12 00:00:00+00:00,0.00044173364627586587
2018-03-13 00:00:00+00:00,0.0
2018-03-14 00:00:00+00:00,0.00024211561459819286
2018-03-15 00:00:00+00:00,0.0
2018-03-16 00:00:00+00:00,0.0
2018-03-19 00:00:00+00:00,-0.0006942604673564334
2018-03-20 00:00:00+00:00,0.0
2018-03-21 00:00:00+00:00,0.0
2018-03-22 00:00:00+00:00,0.0
2018-03-23 00:00:00+00:00,0.0
2018-03-26 00:00:00+00:00,0.0
2018-03-27 00:00:00+00:00,0.0
2018-03-28 00:00:00+00:00,0.0
2018-03-29 00:00:00+00:00,0.0
2018-03-30 00:00:00+00:00,0.0
2018-04-02 00:00:00+00:00,0.0
2018-04-03 00:00:00+00:00,0.0
2018-04-04 00:00:00+00:00,0.0
2018-04-09 00:00:00+00:00,0.0
2018-04-10 00:00:00+00:00,0.0
2018-04-11 00:00:00+00:00,0.0
2018-04-12 00:00:00+00:00,0.0
2018-04-13 00:00:00+00:00,0.0
2018-04-16 00:00:00+00:00,-1.5592363073579918e-05
2018-04-17 00:00:00+00:00,7.412821131858038e-05
2018-04-18 00:00:00+00:00,-0.0002452197873532569
2018-04-19 00:00:00+00:00,0.0
2018-04-20 00:00:00+00:00,0.0
2018-04-23 00:00:00+00:00,0.0
2018-04-24 00:00:00+00:00,0.0004722144240583148
2018-04-25 00:00:00+00:00,0.0
2018-04-26 00:00:00+00:00,0.0
2018-04-27 00:00:00+00:00,0.0
2018-05-02 00:00:00+00:00,0.0
2018-05-03 00:00:00+00:00,0.0
2018-05-04 00:00:00+00:00,0.0
2018-05-07 00:00:00+00:00,0.0
2018-05-08 00:00:00+00:00,0.0
2018-05-09 00:00:00+00:00,0.0
2018-05-10 00:00:00+00:00,0.0
2018-05-11 00:00:00+00:00,0.0
2018-05-14 00:00:00+00:00,0.0
2018-05-15 00:00:00+00:00,0.0
2018-05-16 00:00:00+00:00,0.0
2018-05-17 00:00:00+00:00,0.0
2018-05-18 00:00:00+00:00,0.0
2018-05-21 00:00:00+00:00,0.00016304395565369667
2018-05-22 00:00:00+00:00,0.0
2018-05-23 00:00:00+00:00,0.0004923348875800482
2018-05-24 00:00:00+00:00,-0.0003151032398934772
2018-05-25 00:00:00+00:00,0.0
2018-05-28 00:00:00+00:00,-6.258361893940467e-06
2018-05-29 00:00:00+00:00,0.0
2018-05-30 00:00:00+00:00,0.0
2018-05-31 00:00:00+00:00,0.0
2018-06-01 00:00:00+00:00,0.0006311675712689091
2018-06-04 00:00:00+00:00,0.0
2018-06-05 00:00:00+00:00,0.0
2018-06-06 00:00:00+00:00,0.0
2018-06-07 00:00:00+00:00,0.0
2018-06-08 00:00:00+00:00,0.0
2018-06-11 00:00:00+00:00,0.0
2018-06-12 00:00:00+00:00,0.0
2018-06-13 00:00:00+00:00,0.0
2018-06-14 00:00:00+00:00,0.0
2018-06-15 00:00:00+00:00,0.0
2018-06-19 00:00:00+00:00,0.0
2018-06-20 00:00:00+00:00,0.0
2018-06-21 00:00:00+00:00,0.0
2018-06-22 00:00:00+00:00,0.0003918451445614757
2018-06-25 00:00:00+00:00,0.0
2018-06-26 00:00:00+00:00,0.0
2018-06-27 00:00:00+00:00,0.0
2018-06-28 00:00:00+00:00,0.0
2018-06-29 00:00:00+00:00,0.0
2018-07-02 00:00:00+00:00,-3.660991713316797e-05
2018-07-03 00:00:00+00:00,0.0
2018-07-04 00:00:00+00:00,0.0
2018-07-05 00:00:00+00:00,0.0
2018-07-06 00:00:00+00:00,0.0
2018-07-09 00:00:00+00:00,0.0
2018-07-10 00:00:00+00:00,0.0
2018-07-11 00:00:00+00:00,0.0
2018-07-12 00:00:00+00:00,0.0
2018-07-13 00:00:00+00:00,0.0
2018-07-16 00:00:00+00:00,0.0
2018-07-17 00:00:00+00:00,0.0
2018-07-18 00:00:00+00:00,0.0
2018-07-19 00:00:00+00:00,0.0
2018-07-20 00:00:00+00:00,0.0
2018-07-23 00:00:00+00:00,0.0
2018-07-24 00:00:00+00:00,0.0
2018-07-25 00:00:00+00:00,0.0
2018-07-26 00:00:00+00:00,0.0
2018-07-27 00:00:00+00:00,0.0002608850815704056
2018-07-30 00:00:00+00:00,0.00018114500967403302
2018-07-31 00:00:00+00:00,0.0
2018-08-01 00:00:00+00:00,0.0
2018-08-02 00:00:00+00:00,0.0
2018-08-03 00:00:00+00:00,0.0
2018-08-06 00:00:00+00:00,0.0
2018-08-07 00:00:00+00:00,0.0
2018-08-08 00:00:00+00:00,0.0
2018-08-09 00:00:00+00:00,0.0
2018-08-10 00:00:00+00:00,0.0
2018-08-13 00:00:00+00:00,5.087858667063294e-05
2018-08-14 00:00:00+00:00,0.0
2018-08-15 00:00:00+00:00,0.0
2018-08-16 00:00:00+00:00,0.0
2018-08-17 00:00:00+00:00,0.0
2018-08-20 00:00:00+00:00,0.0
2018-08-21 00:00:00+00:00,0.0
2018-08-22 00:00:00+00:00,0.0
2018-08-23 00:00:00+00:00,0.0
2018-08-24 00:00:00+00:00,0.0
2018-08-27 00:00:00+00:00,0.0
2018-08-28 00:00:00+00:00,0.0
2018-08-29 00:00:00+00:00,0.0
2018-08-30 00:00:00+00:00,0.0007485237846784898
2018-08-31 00:00:00+00:00,0.0
2018-09-03 00:00:00+00:00,0.0
2018-09-04 00:00:00+00:00,0.0
2018-09-05 00:00:00+00:00,0.0
2018-09-06 00:00:00+00:00,-5.7911837072599504e-05
2018-09-07 00:00:00+00:00,-3.8224901303896e-05
2018-09-10 00:00:00+00:00,0.0
2018-09-11 00:00:00+00:00,0.0
2018-09-12 00:00:00+00:00,0.0
2018-09-13 00:00:00+00:00,0.0
2018-09-14 00:00:00+00:00,0.0
2018-09-17 00:00:00+00:00,0.0
2018-09-18 00:00:00+00:00,0.0
2018-09-19 00:00:00+00:00,0.0
2018-09-20 00:00:00+00:00,-0.00026691716255955455
2018-09-21 00:00:00+00:00,0.0
2018-09-25 00:00:00+00:00,0.0
2018-09-26 00:00:00+00:00,0.0
2018-09-27 00:00:00+00:00,0.0
2018-09-28 00:00:00+00:00,0.0
2018-10-08 00:00:00+00:00,0.0
2018-10-09 00:00:00+00:00,0.0
2018-10-10 00:00:00+00:00,0.0
2018-10-11 00:00:00+00:00,0.0
2018-10-12 00:00:00+00:00,-0.00011794500030859467
2018-10-15 00:00:00+00:00,0.0006880120706094228
2018-10-16 00:00:00+00:00,0.0
2018-10-17 00:00:00+00:00,0.0
2018-10-18 00:00:00+00:00,0.0
2018-10-19 00:00:00+00:00,0.0
2018-10-22 00:00:00+00:00,0.0
2018-10-23 00:00:00+00:00,0.0
2018-10-24 00:00:00+00:00,0.0
2018-10-25 00:00:00+00:00,0.0
2018-10-26 00:00:00+00:00,0.0
2018-10-29 00:00:00+00:00,-1.9030832484112636e-05
2018-10-30 00:00:00+00:00,0.0
2018-10-31 00:00:00+00:00,0.0
2018-11-01 00:00:00+00:00,0.0
2018-11-02 00:00:00+00:00,0.0002801423672564862
2018-11-05 00:00:00+00:00,0.0
2018-11-06 00:00:00+00:00,-3.802389639473436e-05
2018-11-07 00:00:00+00:00,0.0
2018-11-08 00:00:00+00:00,0.0
2018-11-09 00:00:00+00:00,0.0
2018-11-12 00:00:00+00:00,0.0
2018-11-13 00:00:00+00:00,0.0
2018-11-14 00:00:00+00:00,0.0
2018-11-15 00:00:00+00:00,0.0
2018-11-16 00:00:00+00:00,0.0
2018-11-19 00:00:00+00:00,0.0
2018-11-20 00:00:00+00:00,0.0
2018-11-21 00:00:00+00:00,0.0
2018-11-22 00:00:00+00:00,0.0
2018-11-23 00:00:00+00:00,0.0
2018-11-26 00:00:00+00:00,0.0
2018-11-27 00:00:00+00:00,0.0
2018-11-28 00:00:00+00:00,3.230742506632467e-06
2018-11-29 00:00:00+00:00,0.000341797535902133
2018-11-30 00:00:00+00:00,0.0
2018-12-03 00:00:00+00:00,0.0
2018-12-04 00:00:00+00:00,0.0
2018-12-05 00:00:00+00:00,0.0
2018-12-06 00:00:00+00:00,0.0
2018-12-07 00:00:00+00:00,0.0
2018-12-10 00:00:00+00:00,0.0
2018-12-11 00:00:00+00:00,0.0
2018-12-12 00:00:00+00:00,0.0
2018-12-13 00:00:00+00:00,0.0
2018-12-14 00:00:00+00:00,0.0
2018-12-17 00:00:00+00:00,0.0
2018-12-18 00:00:00+00:00,0.0
2018-12-19 00:00:00+00:00,0.0
2018-12-20 00:00:00+00:00,0.0
2018-12-21 00:00:00+00:00,-9.633434338474078e-05
2018-12-24 00:00:00+00:00,0.0
2018-12-25 00:00:00+00:00,-6.609847256600077e-05
2018-12-26 00:00:00+00:00,-9.606971529374508e-05
2018-12-27 00:00:00+00:00,0.0
2018-12-28 00:00:00+00:00,0.0
2019-01-02 00:00:00+00:00,0.0
2019-01-03 00:00:00+00:00,0.0
2019-01-04 00:00:00+00:00,0.0
2019-01-07 00:00:00+00:00,-0.0002060309911137148
2019-01-08 00:00:00+00:00,0.0
2019-01-09 00:00:00+00:00,0.0002711016578773595
2019-01-10 00:00:00+00:00,1.272719755962548e-05
2019-01-11 00:00:00+00:00,0.0
2019-01-14 00:00:00+00:00,0.0
2019-01-15 00:00:00+00:00,0.0
2019-01-16 00:00:00+00:00,0.0
2019-01-17 00:00:00+00:00,0.0
2019-01-18 00:00:00+00:00,0.0
2019-01-21 00:00:00+00:00,0.0
2019-01-22 00:00:00+00:00,0.0
2019-01-23 00:00:00+00:00,0.0
2019-01-24 00:00:00+00:00,0.0
2019-01-25 00:00:00+00:00,0.0
2019-01-28 00:00:00+00:00,0.0
2019-01-29 00:00:00+00:00,0.0
2019-01-30 00:00:00+00:00,0.0
2019-01-31 00:00:00+00:00,0.0
2019-02-01 00:00:00+00:00,0.0
2019-02-11 00:00:00+00:00,0.0
2019-02-12 00:00:00+00:00,0.0
2019-02-13 00:00:00+00:00,0.0004275578277783687
2019-02-14 00:00:00+00:00,0.0
2019-02-15 00:00:00+00:00,0.0
2019-02-18 00:00:00+00:00,0.0
2019-02-19 00:00:00+00:00,0.0
2019-02-20 00:00:00+00:00,0.0
2019-02-21 00:00:00+00:00,0.0
2019-02-22 00:00:00+00:00,0.0
2019-02-25 00:00:00+00:00,0.0
2019-02-26 00:00:00+00:00,0.0
2019-02-27 00:00:00+00:00,0.0
2019-02-28 00:00:00+00:00,0.0
2019-03-01 00:00:00+00:00,0.0
2019-03-04 00:00:00+00:00,0.0007747327998570697
2019-03-05 00:00:00+00:00,0.0
2019-03-06 00:00:00+00:00,0.0
2019-03-07 00:00:00+00:00,0.0
2019-03-08 00:00:00+00:00,0.0
2019-03-11 00:00:00+00:00,0.0
2019-03-12 00:00:00+00:00,0.0
2019-03-13 00:00:00+00:00,0.0
2019-03-14 00:00:00+00:00,0.0
2019-03-15 00:00:00+00:00,0.0
2019-03-18 00:00:00+00:00,0.0
2019-03-19 00:00:00+00:00,0.0
2019-03-20 00:00:00+00:00,0.0
2019-03-21 00:00:00+00:00,0.0
2019-03-22 00:00:00+00:00,0.0
2019-03-25 00:00:00+00:00,0.0
2019-03-26 00:00:00+00:00,0.0
2019-03-27 00:00:00+00:00,0.0
2019-03-28 00:00:00+00:00,0.0
2019-03-29 00:00:00+00:00,0.0
2019-04-01 00:00:00+00:00,0.0
2019-04-02 00:00:00+00:00,-0.000655459627483479
2019-04-03 00:00:00+00:00,0.0
2019-04-04 00:00:00+00:00,0.0
2019-04-08 00:00:00+00:00,0.0
2019-04-09 00:00:00+00:00,0.0
2019-04-10 00:00:00+00:00,0.0
2019-04-11 00:00:00+00:00,0.0
2019-04-12 00:00:00+00:00,0.0
2019-04-15 00:00:00+00:00,0.0
2019-04-16 00:00:00+00:00,0.0
2019-04-17 00:00:00+00:00,0.0
2019-04-18 00:00:00+00:00,0.0
2019-04-19 00:00:00+00:00,0.0
2019-04-22 00:00:00+00:00,0.0
2019-04-23 00:00:00+00:00,0.0
2019-04-24 00:00:00+00:00,0.0
2019-04-25 00:00:00+00:00,0.0
2019-04-26 00:00:00+00:00,0.0
2019-04-29 00:00:00+00:00,0.0
2019-04-30 00:00:00+00:00,-0.0004871112348820983
2019-05-06 00:00:00+00:00,0.0
2019-05-07 00:00:00+00:00,0.0
2019-05-08 00:00:00+00:00,0.0
2019-05-09 00:00:00+00:00,0.0
2019-05-10 00:00:00+00:00,0.0
2019-05-13 00:00:00+00:00,0.0
2019-05-14 00:00:00+00:00,0.0
2019-05-15 00:00:00+00:00,0.0
2019-05-16 00:00:00+00:00,0.0
2019-05-17 00:00:00+00:00,0.0
2019-05-20 00:00:00+00:00,0.0
2019-05-21 00:00:00+00:00,-0.00020067278903301844
2019-05-22 00:00:00+00:00,0.0
2019-05-23 00:00:00+00:00,0.0
2019-05-24 00:00:00+00:00,0.0
2019-05-27 00:00:00+00:00,0.0
2019-05-28 00:00:00+00:00,0.0
2019-05-29 00:00:00+00:00,0.00085238191431114
2019-05-30 00:00:00+00:00,0.0
2019-05-31 00:00:00+00:00,0.0
2019-06-03 00:00:00+00:00,0.0
2019-06-04 00:00:00+00:00,0.0
2019-06-05 00:00:00+00:00,0.0
2019-06-06 00:00:00+00:00,-0.00010099709743982554
2019-06-10 00:00:00+00:00,0.0
2019-06-11 00:00:00+00:00,0.0
2019-06-12 00:00:00+00:00,0.0
2019-06-13 00:00:00+00:00,0.0
2019-06-14 00:00:00+00:00,0.0
2019-06-17 00:00:00+00:00,0.0
2019-06-18 00:00:00+00:00,0.0
2019-06-19 00:00:00+00:00,0.0
2019-06-20 00:00:00+00:00,0.0
2019-06-21 00:00:00+00:00,0.0
2019-06-24 00:00:00+00:00,0.0
2019-06-25 00:00:00+00:00,0.0
2019-06-26 00:00:00+00:00,0.0
2019-06-27 00:00:00+00:00,0.0
2019-06-28 00:00:00+00:00,0.0
2019-07-01 00:00:00+00:00,0.0
2019-07-02 00:00:00+00:00,0.0
2019-07-03 00:00:00+00:00,0.0
2019-07-04 00:00:00+00:00,0.0
2019-07-05 00:00:00+00:00,0.0
2019-07-08 00:00:00+00:00,0.0
2019-07-09 00:00:00+00:00,0.0
2019-07-10 00:00:00+00:00,0.0
2019-07-11 00:00:00+00:00,0.00011368784307341784
2019-07-12 00:00:00+00:00,0.0
2019-07-15 00:00:00+00:00,0.0
2019-07-16 00:00:00+00:00,0.0
2019-07-17 00:00:00+00:00,0.0
2019-07-18 00:00:00+00:00,0.0
2019-07-19 00:00:00+00:00,0.0
2019-07-22 00:00:00+00:00,0.0
2019-07-23 00:00:00+00:00,0.0
2019-07-24 00:00:00+00:00,0.0
2019-07-25 00:00:00+00:00,0.0
2019-07-26 00:00:00+00:00,0.0
2019-07-29 00:00:00+00:00,0.0003024342421220627
2019-07-30 00:00:00+00:00,0.0
2019-07-31 00:00:00+00:00,0.0
2019-08-01 00:00:00+00:00,0.0
2019-08-02 00:00:00+00:00,0.0
2019-08-05 00:00:00+00:00,0.0
2019-08-06 00:00:00+00:00,0.0
2019-08-07 00:00:00+00:00,0.0
2019-08-08 00:00:00+00:00,0.0
2019-08-09 00:00:00+00:00,0.0
2019-08-12 00:00:00+00:00,0.0
2019-08-13 00:00:00+00:00,0.0
2019-08-14 00:00:00+00:00,0.0
2019-08-15 00:00:00+00:00,0.0
2019-08-16 00:00:00+00:00,0.0
2019-08-19 00:00:00+00:00,0.0
2019-08-20 00:00:00+00:00,0.0
2019-08-21 00:00:00+00:00,0.0
2019-08-22 00:00:00+00:00,0.0
2019-08-23 00:00:00+00:00,0.0
2019-08-26 00:00:00+00:00,0.0
2019-08-27 00:00:00+00:00,0.0
2019-08-28 00:00:00+00:00,0.0
2019-08-29 00:00:00+00:00,0.0
2019-08-30 00:00:00+00:00,0.0
2019-09-02 00:00:00+00:00,0.0
2019-09-03 00:00:00+00:00,0.0
2019-09-04 00:00:00+00:00,-0.0004464671484161187
2019-09-05 00:00:00+00:00,0.0009040164723923549
2019-09-06 00:00:00+00:00,0.0
2019-09-09 00:00:00+00:00,0.0
2019-09-10 00:00:00+00:00,0.0
2019-09-11 00:00:00+00:00,0.0
2019-09-12 00:00:00+00:00,0.0
2019-09-16 00:00:00+00:00,0.0
2019-09-17 00:00:00+00:00,0.0
2019-09-18 00:00:00+00:00,0.0
2019-09-19 00:00:00+00:00,0.0
2019-09-20 00:00:00+00:00,0.0
2019-09-23 00:00:00+00:00,0.0
2019-09-24 00:00:00+00:00,0.0
2019-09-25 00:00:00+00:00,0.0
2019-09-26 00:00:00+00:00,0.0
2019-09-27 00:00:00+00:00,0.0
2019-09-30 00:00:00+00:00,0.0
2019-10-08 00:00:00+00:00,0.0
2019-10-09 00:00:00+00:00,0.0
2019-10-10 00:00:00+00:00,0.0
2019-10-11 00:00:00+00:00,0.0
2019-10-14 00:00:00+00:00,0.0
2019-10-15 00:00:00+00:00,0.0
2019-10-16 00:00:00+00:00,0.0
2019-10-17 00:00:00+00:00,0.0
2019-10-18 00:00:00+00:00,0.0
2019-10-21 00:00:00+00:00,0.0
2019-10-22 00:00:00+00:00,0.0
2019-10-23 00:00:00+00:00,9.020179697838415e-05
2019-10-24 00:00:00+00:00,0.00040776934464537007
2019-10-25 00:00:00+00:00,0.0
2019-10-28 00:00:00+00:00,0.0
2019-10-29 00:00:00+00:00,0.0
2019-10-30 00:00:00+00:00,0.0
2019-10-31 00:00:00+00:00,0.0
2019-11-01 00:00:00+00:00,0.0
2019-11-04 00:00:00+00:00,0.0
2019-11-05 00:00:00+00:00,0.0
2019-11-06 00:00:00+00:00,0.0
2019-11-07 00:00:00+00:00,0.0
2019-11-08 00:00:00+00:00,0.0
2019-11-11 00:00:00+00:00,0.0
2019-11-12 00:00:00+00:00,0.0
2019-11-13 00:00:00+00:00,0.0
2019-11-14 00:00:00+00:00,0.0
2019-11-15 00:00:00+00:00,0.0
2019-11-18 00:00:00+00:00,0.0
2019-11-19 00:00:00+00:00,-7.921871951899195e-05
2019-11-20 00:00:00+00:00,0.0
2019-11-21 00:00:00+00:00,0.0
2019-11-22 00:00:00+00:00,0.0
2019-11-25 00:00:00+00:00,0.0
2019-11-26 00:00:00+00:00,0.0
2019-11-27 00:00:00+00:00,0.0
2019-11-28 00:00:00+00:00,0.0
2019-11-29 00:00:00+00:00,0.0
2019-12-02 00:00:00+00:00,0.0
2019-12-03 00:00:00+00:00,0.0
2019-12-04 00:00:00+00:00,0.0
2019-12-05 00:00:00+00:00,0.0
2019-12-06 00:00:00+00:00,0.0
2019-12-09 00:00:00+00:00,0.0
2019-12-10 00:00:00+00:00,0.0
2019-12-11 00:00:00+00:00,0.0
2019-12-12 00:00:00+00:00,0.0
2019-12-13 00:00:00+00:00,0.0
2019-12-16 00:00:00+00:00,0.0
2019-12-17 00:00:00+00:00,0.0
2019-12-18 00:00:00+00:00,0.0
2019-12-19 00:00:00+00:00,0.0
2019-12-20 00:00:00+00:00,0.0
2019-12-23 00:00:00+00:00,0.0
2019-12-24 00:00:00+00:00,0.0
2019-12-25 00:00:00+00:00,0.0
2019-12-26 00:00:00+00:00,0.0
2019-12-27 00:00:00+00:00,0.0
2019-12-30 00:00:00+00:00,0.0
2019-12-31 00:00:00+00:00,0.0
2020-01-02 00:00:00+00:00,0.0
2020-01-03 00:00:00+00:00,0.0
2020-01-06 00:00:00+00:00,0.0
2020-01-07 00:00:00+00:00,0.0
2020-01-08 00:00:00+00:00,0.0
2020-01-09 00:00:00+00:00,0.0
2020-01-10 00:00:00+00:00,0.0
2020-01-13 00:00:00+00:00,0.0
2020-01-14 00:00:00+00:00,0.0
2020-01-15 00:00:00+00:00,0.0
2020-01-16 00:00:00+00:00,0.0
2020-01-17 00:00:00+00:00,0.0
2020-01-20 00:00:00+00:00,0.0
2020-01-21 00:00:00+00:00,0.0
2020-01-22 00:00:00+00:00,0.0
2020-01-23 00:00:00+00:00,0.0
2020-02-03 00:00:00+00:00,0.0
2020-02-04 00:00:00+00:00,0.0
2020-02-05 00:00:00+00:00,0.0
2020-02-06 00:00:00+00:00,0.0
2020-02-07 00:00:00+00:00,0.0
2020-02-10 00:00:00+00:00,0.0
2020-02-11 00:00:00+00:00,0.0
2020-02-12 00:00:00+00:00,0.0
2020-02-13 00:00:00+00:00,0.0
2020-02-14 00:00:00+00:00,0.0
2020-02-17 00:00:00+00:00,0.0
2020-02-18 00:00:00+00:00,0.0
2020-02-19 00:00:00+00:00,0.0
2020-02-20 00:00:00+00:00,0.0
2020-02-21 00:00:00+00:00,0.0
2020-02-24 00:00:00+00:00,0.0
2020-02-25 00:00:00+00:00,0.0
2020-02-26 00:00:00+00:00,0.0
2020-02-27 00:00:00+00:00,0.0
2020-02-28 00:00:00+00:00,0.0
2020-03-02 00:00:00+00:00,0.0
2020-03-03 00:00:00+00:00,0.0
2020-03-04 00:00:00+00:00,0.0
2020-03-05 00:00:00+00:00,0.0
2020-03-06 00:00:00+00:00,0.0
2020-03-09 00:00:00+00:00,0.0
2020-03-10 00:00:00+00:00,0.0
2020-03-11 00:00:00+00:00,0.0
2020-03-12 00:00:00+00:00,0.0
2020-03-13 00:00:00+00:00,0.0
2020-03-16 00:00:00+00:00,0.0
2020-03-17 00:00:00+00:00,0.0
2020-03-18 00:00:00+00:00,0.0
2020-03-19 00:00:00+00:00,0.0
2020-03-20 00:00:00+00:00,0.0
2020-03-23 00:00:00+00:00,0.0
2020-03-24 00:00:00+00:00,0.0
2020-03-25 00:00:00+00:00,0.0
2020-03-26 00:00:00+00:00,0.0
2020-03-27 00:00:00+00:00,0.0
2020-03-30 00:00:00+00:00,0.0
2020-03-31 00:00:00+00:00,0.0
2020-04-01 00:00:00+00:00,0.0
2020-04-02 00:00:00+00:00,0.0
2020-04-03 00:00:00+00:00,0.0
2020-04-07 00:00:00+00:00,0.0
2020-04-08 00:00:00+00:00,0.0
2020-04-09 00:00:00+00:00,0.0
2020-04-10 00:00:00+00:00,0.0
2020-04-13 00:00:00+00:00,0.0
2020-04-14 00:00:00+00:00,0.0
2020-04-15 00:00:00+00:00,0.0
2020-04-16 00:00:00+00:00,0.0
2020-04-17 00:00:00+00:00,0.0
2020-04-20 00:00:00+00:00,0.0
2020-04-21 00:00:00+00:00,0.0
2020-04-22 00:00:00+00:00,0.0
2020-04-23 00:00:00+00:00,0.0
2020-04-24 00:00:00+00:00,0.0
2020-04-27 00:00:00+00:00,0.0
2020-04-28 00:00:00+00:00,0.0
2020-04-29 00:00:00+00:00,0.0
2020-04-30 00:00:00+00:00,0.0
2020-05-06 00:00:00+00:00,0.0
2020-05-07 00:00:00+00:00,0.0
2020-05-08 00:00:00+00:00,-0.00011861032000837213
2020-05-11 00:00:00+00:00,0.0
2020-05-12 00:00:00+00:00,0.0
2020-05-13 00:00:00+00:00,0.0007741619537415811
2020-05-14 00:00:00+00:00,0.0
2020-05-15 00:00:00+00:00,0.0
2020-05-18 00:00:00+00:00,0.0
2020-05-19 00:00:00+00:00,0.0
2020-05-20 00:00:00+00:00,0.0
2020-05-21 00:00:00+00:00,0.0
2020-05-22 00:00:00+00:00,0.0
2020-05-25 00:00:00+00:00,0.0
2020-05-26 00:00:00+00:00,0.0
2020-05-27 00:00:00+00:00,0.0
2020-05-28 00:00:00+00:00,0.0
2020-05-29 00:00:00+00:00,0.0
2020-06-01 00:00:00+00:00,0.0
2020-06-02 00:00:00+00:00,-0.0015586826265793219
2020-06-03 00:00:00+00:00,0.0
2020-06-04 00:00:00+00:00,0.0
2020-06-05 00:00:00+00:00,0.0
2020-06-08 00:00:00+00:00,0.0
2020-06-09 00:00:00+00:00,0.0
2020-06-10 00:00:00+00:00,0.0
2020-06-11 00:00:00+00:00,0.0
2020-06-12 00:00:00+00:00,0.0
2020-06-15 00:00:00+00:00,-0.0008861516848965856
2020-06-16 00:00:00+00:00,0.0
2020-06-17 00:00:00+00:00,0.0
2020-06-18 00:00:00+00:00,0.0
2020-06-19 00:00:00+00:00,0.0
2020-06-22 00:00:00+00:00,0.0
2020-06-23 00:00:00+00:00,0.0
2020-06-24 00:00:00+00:00,0.0
2020-06-29 00:00:00+00:00,0.0
2020-06-30 00:00:00+00:00,0.0
2020-07-01 00:00:00+00:00,0.0
2020-07-02 00:00:00+00:00,0.0
2020-07-03 00:00:00+00:00,0.0
2020-07-06 00:00:00+00:00,0.0
2020-07-07 00:00:00+00:00,0.0
2020-07-08 00:00:00+00:00,0.0
2020-07-09 00:00:00+00:00,0.0
2020-07-10 00:00:00+00:00,0.0
2020-07-13 00:00:00+00:00,0.0
2020-07-14 00:00:00+00:00,0.0
2020-07-15 00:00:00+00:00,0.0
2020-07-16 00:00:00+00:00,0.0
2020-07-17 00:00:00+00:00,0.0
2020-07-20 00:00:00+00:00,0.0
2020-07-21 00:00:00+00:00,0.0
2020-07-22 00:00:00+00:00,0.0
2020-07-23 00:00:00+00:00,-0.0007100170052175558
2020-07-24 00:00:00+00:00,0.0008411899340428075
2020-07-27 00:00:00+00:00,0.0
2020-07-28 00:00:00+00:00,0.0
2020-07-29 00:00:00+00:00,0.001078984187305787
2020-07-30 00:00:00+00:00,0.0
2020-07-31 00:00:00+00:00,0.0
2020-08-03 00:00:00+00:00,-0.0014640364994319421
2020-08-04 00:00:00+00:00,0.0003822933601325129
2020-08-05 00:00:00+00:00,0.0
2020-08-06 00:00:00+00:00,0.0
2020-08-07 00:00:00+00:00,0.0
2020-08-10 00:00:00+00:00,0.0
2020-08-11 00:00:00+00:00,0.000174539347139957
2020-08-12 00:00:00+00:00,0.0
2020-08-13 00:00:00+00:00,0.0008007826915890082
2020-08-14 00:00:00+00:00,0.0
2020-08-17 00:00:00+00:00,0.0
2020-08-18 00:00:00+00:00,0.0
2020-08-19 00:00:00+00:00,0.0
2020-08-20 00:00:00+00:00,0.0
2020-08-21 00:00:00+00:00,0.0
2020-08-24 00:00:00+00:00,0.0
2020-08-25 00:00:00+00:00,0.0
2020-08-26 00:00:00+00:00,0.0
2020-08-27 00:00:00+00:00,0.0
2020-08-28 00:00:00+00:00,0.0
2020-08-31 00:00:00+00:00,0.0
2020-09-01 00:00:00+00:00,0.0
2020-09-02 00:00:00+00:00,0.0
2020-09-03 00:00:00+00:00,-0.000977601510065318
2020-09-04 00:00:00+00:00,0.0007010978598640527
2020-09-07 00:00:00+00:00,0.0
2020-09-08 00:00:00+00:00,0.0
2020-09-09 00:00:00+00:00,0.0
2020-09-10 00:00:00+00:00,0.0
2020-09-11 00:00:00+00:00,0.0
2020-09-14 00:00:00+00:00,-0.00039152060078639916
2020-09-15 00:00:00+00:00,0.0
2020-09-16 00:00:00+00:00,0.0
2020-09-17 00:00:00+00:00,0.0
2020-09-18 00:00:00+00:00,0.0
2020-09-21 00:00:00+00:00,0.0
2020-09-22 00:00:00+00:00,0.0
2020-09-23 00:00:00+00:00,0.0
2020-09-24 00:00:00+00:00,-0.000469262318786523
2020-09-25 00:00:00+00:00,0.0
2020-09-28 00:00:00+00:00,0.0
2020-09-29 00:00:00+00:00,0.0003552616965067923
2020-09-30 00:00:00+00:00,0.0
2020-10-09 00:00:00+00:00,-0.0004408038405265824
2020-10-12 00:00:00+00:00,0.0
2020-10-13 00:00:00+00:00,-0.00012273772002779904
2020-10-14 00:00:00+00:00,0.0
2020-10-15 00:00:00+00:00,0.0
2020-10-16 00:00:00+00:00,0.0
2020-10-19 00:00:00+00:00,0.0014482975895895311
2020-10-20 00:00:00+00:00,0.0
2020-10-21 00:00:00+00:00,0.0
2020-10-22 00:00:00+00:00,0.0
2020-10-23 00:00:00+00:00,0.0016546836365747275
2020-10-26 00:00:00+00:00,0.0
2020-10-27 00:00:00+00:00,0.0
2020-10-28 00:00:00+00:00,0.0
2020-10-29 00:00:00+00:00,0.0
2020-10-30 00:00:00+00:00,0.0
2020-11-02 00:00:00+00:00,0.0
2020-11-03 00:00:00+00:00,0.00047244047936056965
2020-11-04 00:00:00+00:00,0.000670268057608947
2020-11-05 00:00:00+00:00,0.0
2020-11-06 00:00:00+00:00,0.0
2020-11-09 00:00:00+00:00,0.0
2020-11-10 00:00:00+00:00,0.0
2020-11-11 00:00:00+00:00,0.0
2020-11-12 00:00:00+00:00,0.0
2020-11-13 00:00:00+00:00,0.0
2020-11-16 00:00:00+00:00,0.0
2020-11-17 00:00:00+00:00,-0.000806469140211985
2020-11-18 00:00:00+00:00,0.0
2020-11-19 00:00:00+00:00,0.0
2020-11-20 00:00:00+00:00,0.0
2020-11-23 00:00:00+00:00,0.0
2020-11-24 00:00:00+00:00,0.0
2020-11-25 00:00:00+00:00,0.0
2020-11-26 00:00:00+00:00,0.0
2020-11-27 00:00:00+00:00,0.0
2020-11-30 00:00:00+00:00,0.0
2020-12-01 00:00:00+00:00,0.0
2020-12-02 00:00:00+00:00,0.0
2020-12-03 00:00:00+00:00,0.0
2020-12-04 00:00:00+00:00,0.0
2020-12-07 00:00:00+00:00,-0.00036228763768497707
2020-12-08 00:00:00+00:00,0.0
2020-12-09 00:00:00+00:00,0.001390984043266208
2020-12-10 00:00:00+00:00,0.0
2020-12-11 00:00:00+00:00,0.0
2020-12-14 00:00:00+00:00,0.0
2020-12-15 00:00:00+00:00,0.0
2020-12-16 00:00:00+00:00,0.0
2020-12-17 00:00:00+00:00,0.0
2020-12-18 00:00:00+00:00,0.0
2020-12-21 00:00:00+00:00,0.0
2020-12-22 00:00:00+00:00,0.004818725735687979
2020-12-23 00:00:00+00:00,0.0
2020-12-24 00:00:00+00:00,0.0
2020-12-25 00:00:00+00:00,0.0
2020-12-28 00:00:00+00:00,0.0
2020-12-29 00:00:00+00:00,0.0
2020-12-30 00:00:00+00:00,0.0
2020-12-31 00:00:00+00:00,0.0
2021-01-04 00:00:00+00:00,0.0
2021-01-05 00:00:00+00:00,0.0
2021-01-06 00:00:00+00:00,0.0
2021-01-07 00:00:00+00:00,0.0
2021-01-08 00:00:00+00:00,0.0
2021-01-11 00:00:00+00:00,0.001320130795599228
2021-01-12 00:00:00+00:00,0.0
2021-01-13 00:00:00+00:00,0.0
2021-01-14 00:00:00+00:00,0.0
2021-01-15 00:00:00+00:00,0.0
2021-01-18 00:00:00+00:00,0.0
2021-01-19 00:00:00+00:00,0.0
2021-01-20 00:00:00+00:00,0.0
2021-01-21 00:00:00+00:00,0.0
2021-01-22 00:00:00+00:00,0.0
2021-01-25 00:00:00+00:00,0.0
2021-01-26 00:00:00+00:00,0.0
2021-01-27 00:00:00+00:00,0.0
2021-01-28 00:00:00+00:00,0.0
2021-01-29 00:00:00+00:00,0.0
2021-02-01 00:00:00+00:00,0.0
2021-02-02 00:00:00+00:00,0.0
2021-02-03 00:00:00+00:00,0.0
2021-02-04 00:00:00+00:00,0.0
2021-02-05 00:00:00+00:00,0.0
2021-02-08 00:00:00+00:00,5.978265089301438e-05
2021-02-09 00:00:00+00:00,0.0
2021-02-10 00:00:00+00:00,0.0
2021-02-18 00:00:00+00:00,0.0
2021-02-19 00:00:00+00:00,0.0
2021-02-22 00:00:00+00:00,0.00195502298005934
2021-02-23 00:00:00+00:00,0.00241313502097662
2021-02-24 00:00:00+00:00,0.0
2021-02-25 00:00:00+00:00,0.0
2021-02-26 00:00:00+00:00,0.0
2021-03-01 00:00:00+00:00,0.0
2021-03-02 00:00:00+00:00,0.0
2021-03-03 00:00:00+00:00,0.0
2021-03-04 00:00:00+00:00,0.0
2021-03-05 00:00:00+00:00,0.0
2021-03-08 00:00:00+00:00,0.0
2021-03-09 00:00:00+00:00,0.0
2021-03-10 00:00:00+00:00,0.0
2021-03-11 00:00:00+00:00,0.0
2021-03-12 00:00:00+00:00,0.0
2021-03-15 00:00:00+00:00,0.0
2021-03-16 00:00:00+00:00,0.0
2021-03-17 00:00:00+00:00,0.0
2021-03-18 00:00:00+00:00,0.0
2021-03-19 00:00:00+00:00,0.0
2021-03-22 00:00:00+00:00,0.0
2021-03-23 00:00:00+00:00,0.0
2021-03-24 00:00:00+00:00,0.0
2021-03-25 00:00:00+00:00,0.0
2021-03-26 00:00:00+00:00,0.0
2021-03-29 00:00:00+00:00,0.0
2021-03-30 00:00:00+00:00,-0.0018035243904819254
2021-03-31 00:00:00+00:00,0.0
2021-04-01 00:00:00+00:00,0.0
2021-04-02 00:00:00+00:00,0.0
2021-04-06 00:00:00+00:00,0.0
2021-04-07 00:00:00+00:00,0.0
2021-04-08 00:00:00+00:00,0.0
2021-04-09 00:00:00+00:00,0.0
2021-04-12 00:00:00+00:00,0.0
2021-04-13 00:00:00+00:00,0.0
2021-04-14 00:00:00+00:00,0.0
2021-04-15 00:00:00+00:00,0.0
2021-04-16 00:00:00+00:00,0.0
2021-04-19 00:00:00+00:00,0.0
2021-04-20 00:00:00+00:00,0.0
2021-04-21 00:00:00+00:00,0.0
2021-04-22 00:00:00+00:00,0.0
2021-04-23 00:00:00+00:00,0.0
2021-04-26 00:00:00+00:00,0.0
2021-04-27 00:00:00+00:00,0.0
2021-04-28 00:00:00+00:00,0.0
2021-04-29 00:00:00+00:00,0.0008697533797474843
2021-04-30 00:00:00+00:00,0.0
2021-05-06 00:00:00+00:00,0.0
2021-05-07 00:00:00+00:00,0.0
2021-05-10 00:00:00+00:00,0.0
2021-05-11 00:00:00+00:00,0.0
2021-05-12 00:00:00+00:00,0.0
2021-05-13 00:00:00+00:00,0.0
2021-05-14 00:00:00+00:00,0.0
2021-05-17 00:00:00+00:00,0.0
2021-05-18 00:00:00+00:00,0.0
2021-05-19 00:00:00+00:00,0.0
2021-05-20 00:00:00+00:00,0.0
2021-05-21 00:00:00+00:00,0.0
2021-05-24 00:00:00+00:00,0.0
2021-05-25 00:00:00+00:00,0.0
2021-05-26 00:00:00+00:00,0.0
2021-05-27 00:00:00+00:00,0.0
2021-05-28 00:00:00+00:00,0.0
2021-05-31 00:00:00+00:00,0.0
2021-06-01 00:00:00+00:00,0.0
2021-06-02 00:00:00+00:00,0.0
2021-06-03 00:00:00+00:00,0.0
2021-06-04 00:00:00+00:00,0.0
2021-06-07 00:00:00+00:00,0.0
2021-06-08 00:00:00+00:00,0.0
2021-06-09 00:00:00+00:00,0.0
2021-06-10 00:00:00+00:00,0.0
2021-06-11 00:00:00+00:00,0.0
2021-06-15 00:00:00+00:00,0.0
2021-06-16 00:00:00+00:00,0.0
2021-06-17 00:00:00+00:00,0.0
2021-06-18 00:00:00+00:00,0.0
2021-06-21 00:00:00+00:00,0.0
2021-06-22 00:00:00+00:00,0.0
2021-06-23 00:00:00+00:00,0.0
2021-06-24 00:00:00+00:00,0.0
2021-06-25 00:00:00+00:00,-0.0005230945922359842
2021-06-28 00:00:00+00:00,0.0
2021-06-29 00:00:00+00:00,0.0
2021-06-30 00:00:00+00:00,0.0
2021-07-01 00:00:00+00:00,0.0
2021-07-02 00:00:00+00:00,0.0
2021-07-05 00:00:00+00:00,0.0
2021-07-06 00:00:00+00:00,0.0005931013864071133
2021-07-07 00:00:00+00:00,0.0
2021-07-08 00:00:00+00:00,0.0
2021-07-09 00:00:00+00:00,0.0
2021-07-12 00:00:00+00:00,0.0
2021-07-13 00:00:00+00:00,0.0
2021-07-14 00:00:00+00:00,0.0
2021-07-15 00:00:00+00:00,0.0
2021-07-16 00:00:00+00:00,0.0
2021-07-19 00:00:00+00:00,0.0
2021-07-20 00:00:00+00:00,0.0
2021-07-21 00:00:00+00:00,0.0
2021-07-22 00:00:00+00:00,0.0
2021-07-23 00:00:00+00:00,0.0
2021-07-26 00:00:00+00:00,0.0
2021-07-27 00:00:00+00:00,0.0
2021-07-28 00:00:00+00:00,0.0
2021-07-29 00:00:00+00:00,0.0
2021-07-30 00:00:00+00:00,0.004799853840725676
2021-08-02 00:00:00+00:00,0.0
2021-08-03 00:00:00+00:00,0.0
2021-08-04 00:00:00+00:00,0.0
2021-08-05 00:00:00+00:00,0.0
2021-08-06 00:00:00+00:00,0.0
2021-08-09 00:00:00+00:00,0.0
2021-08-10 00:00:00+00:00,0.0
2021-08-11 00:00:00+00:00,0.0
2021-08-12 00:00:00+00:00,0.0
2021-08-13 00:00:00+00:00,0.0
2021-08-16 00:00:00+00:00,0.0
2021-08-17 00:00:00+00:00,0.0
2021-08-18 00:00:00+00:00,0.0
2021-08-19 00:00:00+00:00,0.0
2021-08-20 00:00:00+00:00,0.0
2021-08-23 00:00:00+00:00,0.001028594912424463
2021-08-24 00:00:00+00:00,0.0
2021-08-25 00:00:00+00:00,0.0
2021-08-26 00:00:00+00:00,0.0
2021-08-27 00:00:00+00:00,0.0
2021-08-30 00:00:00+00:00,0.0
2021-08-31 00:00:00+00:00,0.0
2021-09-01 00:00:00+00:00,0.0
2021-09-02 00:00:00+00:00,0.0
2021-09-03 00:00:00+00:00,0.0
2021-09-06 00:00:00+00:00,0.0
2021-09-07 00:00:00+00:00,0.0
2021-09-08 00:00:00+00:00,0.0
2021-09-09 00:00:00+00:00,0.00031568845566787296
2021-09-10 00:00:00+00:00,0.0
2021-09-13 00:00:00+00:00,0.0
2021-09-14 00:00:00+00:00,0.0
2021-09-15 00:00:00+00:00,0.0
2021-09-16 00:00:00+00:00,0.0
2021-09-17 00:00:00+00:00,0.0
2021-09-22 00:00:00+00:00,0.0
2021-09-23 00:00:00+00:00,0.0
2021-09-24 00:00:00+00:00,0.0
2021-09-27 00:00:00+00:00,0.0
2021-09-28 00:00:00+00:00,0.0
2021-09-29 00:00:00+00:00,0.0
2021-09-30 00:00:00+00:00,0.0
2021-10-08 00:00:00+00:00,0.0
2021-10-11 00:00:00+00:00,0.0
2021-10-12 00:00:00+00:00,0.0
2021-10-13 00:00:00+00:00,0.0
2021-10-14 00:00:00+00:00,0.0
2021-10-15 00:00:00+00:00,0.0
2021-10-18 00:00:00+00:00,0.0
2021-10-19 00:00:00+00:00,0.0
2021-10-20 00:00:00+00:00,0.0
2021-10-21 00:00:00+00:00,0.0
2021-10-22 00:00:00+00:00,0.0
2021-10-25 00:00:00+00:00,0.0
2021-10-26 00:00:00+00:00,0.0
2021-10-27 00:00:00+00:00,0.0
2021-10-28 00:00:00+00:00,0.0
2021-10-29 00:00:00+00:00,0.0
2021-11-01 00:00:00+00:00,0.0
2021-11-02 00:00:00+00:00,0.0
2021-11-03 00:00:00+00:00,0.0
2021-11-04 00:00:00+00:00,0.0
2021-11-05 00:00:00+00:00,0.0
2021-11-08 00:00:00+00:00,0.0
2021-11-09 00:00:00+00:00,0.0
2021-11-10 00:00:00+00:00,0.0
2021-11-11 00:00:00+00:00,0.0
2021-11-12 00:00:00+00:00,0.0
2021-11-15 00:00:00+00:00,0.0
2021-11-16 00:00:00+00:00,0.0
2021-11-17 00:00:00+00:00,0.0
2021-11-18 00:00:00+00:00,0.0
2021-11-19 00:00:00+00:00,-0.0006220913377673609
2021-11-22 00:00:00+00:00,0.0016481980955418418
2021-11-23 00:00:00+00:00,0.0
2021-11-24 00:00:00+00:00,0.0
2021-11-25 00:00:00+00:00,0.0
2021-11-26 00:00:00+00:00,0.0
2021-11-29 00:00:00+00:00,0.0
2021-11-30 00:00:00+00:00,0.0
2021-12-01 00:00:00+00:00,0.0
2021-12-02 00:00:00+00:00,0.0
2021-12-03 00:00:00+00:00,0.0
2021-12-06 00:00:00+00:00,0.0
2021-12-07 00:00:00+00:00,0.0
2021-12-08 00:00:00+00:00,0.0
2021-12-09 00:00:00+00:00,0.0
2021-12-10 00:00:00+00:00,0.0
2021-12-13 00:00:00+00:00,0.0
2021-12-14 00:00:00+00:00,0.0
2021-12-15 00:00:00+00:00,0.0006402447262452426
2021-12-16 00:00:00+00:00,0.0
2021-12-17 00:00:00+00:00,0.0
2021-12-20 00:00:00+00:00,0.0
2021-12-21 00:00:00+00:00,0.0
2021-12-22 00:00:00+00:00,0.0
2021-12-23 00:00:00+00:00,0.0
2021-12-24 00:00:00+00:00,0.0
2021-12-27 00:00:00+00:00,0.0
2021-12-28 00:00:00+00:00,0.0
2021-12-29 00:00:00+00:00,0.0
2021-12-30 00:00:00+00:00,0.0
2021-12-31 00:00:00+00:00,0.0
2022-01-04 00:00:00+00:00,0.0
2022-01-05 00:00:00+00:00,0.0
2022-01-06 00:00:00+00:00,0.0
2022-01-07 00:00:00+00:00,0.0
2022-01-10 00:00:00+00:00,0.0
2022-01-11 00:00:00+00:00,0.0
2022-01-12 00:00:00+00:00,0.0
2022-01-13 00:00:00+00:00,0.0
2022-01-14 00:00:00+00:00,0.0
2022-01-17 00:00:00+00:00,0.0
2022-01-18 00:00:00+00:00,0.0
2022-01-19 00:00:00+00:00,-0.00037349094202976385
2022-01-20 00:00:00+00:00,0.0
2022-01-21 00:00:00+00:00,0.00022907320497078665
2022-01-24 00:00:00+00:00,0.0
2022-01-25 00:00:00+00:00,0.0
2022-01-26 00:00:00+00:00,0.0
2022-01-27 00:00:00+00:00,0.0
2022-01-28 00:00:00+00:00,0.0
2022-02-07 00:00:00+00:00,0.0
2022-02-08 00:00:00+00:00,0.0019682157569254066
2022-02-09 00:00:00+00:00,0.0
2022-02-10 00:00:00+00:00,0.0
2022-02-11 00:00:00+00:00,0.0
2022-02-14 00:00:00+00:00,0.0
2022-02-15 00:00:00+00:00,0.0
2022-02-16 00:00:00+00:00,-0.0006832178965362479
2022-02-17 00:00:00+00:00,0.0
2022-02-18 00:00:00+00:00,-0.00035276840608544635
2022-02-21 00:00:00+00:00,0.0
2022-02-22 00:00:00+00:00,0.0
2022-02-23 00:00:00+00:00,0.0
2022-02-24 00:00:00+00:00,0.0
2022-02-25 00:00:00+00:00,0.0
2022-02-28 00:00:00+00:00,0.0
2022-03-01 00:00:00+00:00,0.0
2022-03-02 00:00:00+00:00,0.0
2022-03-03 00:00:00+00:00,0.0
2022-03-04 00:00:00+00:00,0.0
2022-03-07 00:00:00+00:00,0.0
2022-03-08 00:00:00+00:00,0.0
2022-03-09 00:00:00+00:00,0.0
2022-03-10 00:00:00+00:00,0.0
2022-03-11 00:00:00+00:00,0.0
2022-03-14 00:00:00+00:00,0.0
2022-03-15 00:00:00+00:00,0.0
2022-03-16 00:00:00+00:00,0.0
2022-03-17 00:00:00+00:00,0.0
2022-03-18 00:00:00+00:00,0.0
2022-03-21 00:00:00+00:00,0.0
2022-03-22 00:00:00+00:00,0.0
2022-03-23 00:00:00+00:00,0.0
2022-03-24 00:00:00+00:00,0.0
2022-03-25 00:00:00+00:00,0.0
2022-03-28 00:00:00+00:00,0.0
2022-03-29 00:00:00+00:00,0.0
2022-03-30 00:00:00+00:00,0.0
2022-03-31 00:00:00+00:00,0.0
2022-04-01 00:00:00+00:00,-0.0006011688980536167
2022-04-06 00:00:00+00:00,0.0
2022-04-07 00:00:00+00:00,0.0
2022-04-08 00:00:00+00:00,0.00029324020942822493
2022-04-11 00:00:00+00:00,0.0
2022-04-12 00:00:00+00:00,0.0
2022-04-13 00:00:00+00:00,0.0
2022-04-14 00:00:00+00:00,0.0
2022-04-15 00:00:00+00:00,0.0
2022-04-18 00:00:00+00:00,0.0
2022-04-19 00:00:00+00:00,0.0013916683644297212
2022-04-20 00:00:00+00:00,0.0
2022-04-21 00:00:00+00:00,0.0
2022-04-22 00:00:00+00:00,0.0
2022-04-25 00:00:00+00:00,0.0
2022-04-26 00:00:00+00:00,0.0
2022-04-27 00:00:00+00:00,0.0
2022-04-28 00:00:00+00:00,0.0
2022-04-29 00:00:00+00:00,0.0
2022-05-05 00:00:00+00:00,0.0
2022-05-06 00:00:00+00:00,0.0
2022-05-09 00:00:00+00:00,0.0
2022-05-10 00:00:00+00:00,0.0
2022-05-11 00:00:00+00:00,-0.0006074751449226534
2022-05-12 00:00:00+00:00,-0.0027637417372231576
2022-05-13 00:00:00+00:00,0.000871050643831639
2022-05-16 00:00:00+00:00,-1.5447800244761112e-05
2022-05-17 00:00:00+00:00,0.0
2022-05-18 00:00:00+00:00,0.0
2022-05-19 00:00:00+00:00,0.0
2022-05-20 00:00:00+00:00,0.0
2022-05-23 00:00:00+00:00,0.0
2022-05-24 00:00:00+00:00,0.0
2022-05-25 00:00:00+00:00,0.0
2022-05-26 00:00:00+00:00,0.0
2022-05-27 00:00:00+00:00,0.0
2022-05-30 00:00:00+00:00,0.0
2022-05-31 00:00:00+00:00,0.0
2022-06-01 00:00:00+00:00,0.0
2022-06-02 00:00:00+00:00,0.0
2022-06-06 00:00:00+00:00,0.0
2022-06-07 00:00:00+00:00,0.0
2022-06-08 00:00:00+00:00,0.0
2022-06-09 00:00:00+00:00,0.0
2022-06-10 00:00:00+00:00,0.0
2022-06-13 00:00:00+00:00,0.0
2022-06-14 00:00:00+00:00,0.0
2022-06-15 00:00:00+00:00,0.0
2022-06-16 00:00:00+00:00,0.0
2022-06-17 00:00:00+00:00,0.0
2022-06-20 00:00:00+00:00,0.0
2022-06-21 00:00:00+00:00,0.0
2022-06-22 00:00:00+00:00,0.0
2022-06-23 00:00:00+00:00,0.0
2022-06-24 00:00:00+00:00,0.0
2022-06-27 00:00:00+00:00,0.0
2022-06-28 00:00:00+00:00,0.0
2022-06-29 00:00:00+00:00,0.00015099083497593924
2022-06-30 00:00:00+00:00,0.0017467007308828997
2022-07-01 00:00:00+00:00,0.0
2022-07-04 00:00:00+00:00,0.0
2022-07-05 00:00:00+00:00,0.0
2022-07-06 00:00:00+00:00,0.0
2022-07-07 00:00:00+00:00,0.0
2022-07-08 00:00:00+00:00,0.0
2022-07-11 00:00:00+00:00,0.0
2022-07-12 00:00:00+00:00,0.0
2022-07-13 00:00:00+00:00,0.0
2022-07-14 00:00:00+00:00,0.0
2022-07-15 00:00:00+00:00,0.00011617063362723279
2022-07-18 00:00:00+00:00,0.0
2022-07-19 00:00:00+00:00,0.0
2022-07-20 00:00:00+00:00,0.0
2022-07-21 00:00:00+00:00,0.0
2022-07-22 00:00:00+00:00,0.0
2022-07-25 00:00:00+00:00,0.0
2022-07-26 00:00:00+00:00,0.0
2022-07-27 00:00:00+00:00,0.00021122093195935498
2022-07-28 00:00:00+00:00,-0.0016541809028990384
2022-07-29 00:00:00+00:00,0.0
2022-08-01 00:00:00+00:00,0.0
2022-08-02 00:00:00+00:00,0.0
2022-08-03 00:00:00+00:00,0.0
2022-08-04 00:00:00+00:00,0.0
2022-08-05 00:00:00+00:00,0.0
2022-08-08 00:00:00+00:00,0.0
2022-08-09 00:00:00+00:00,0.0
2022-08-10 00:00:00+00:00,0.0
2022-08-11 00:00:00+00:00,0.0
2022-08-12 00:00:00+00:00,0.0
2022-08-15 00:00:00+00:00,0.0
2022-08-16 00:00:00+00:00,0.0
2022-08-17 00:00:00+00:00,0.0
2022-08-18 00:00:00+00:00,0.0
2022-08-19 00:00:00+00:00,0.0
2022-08-22 00:00:00+00:00,0.0
2022-08-23 00:00:00+00:00,0.0
2022-08-24 00:00:00+00:00,0.0
2022-08-25 00:00:00+00:00,0.0
2022-08-26 00:00:00+00:00,0.0
2022-08-29 00:00:00+00:00,0.0
2022-08-30 00:00:00+00:00,0.0
2022-08-31 00:00:00+00:00,0.0
2022-09-01 00:00:00+00:00,0.0
2022-09-02 00:00:00+00:00,0.0
2022-09-05 00:00:00+00:00,0.0
2022-09-06 00:00:00+00:00,0.0
2022-09-07 00:00:00+00:00,0.0
2022-09-08 00:00:00+00:00,-0.001333712480892979
2022-09-09 00:00:00+00:00,0.0
2022-09-13 00:00:00+00:00,0.0
2022-09-14 00:00:00+00:00,0.00027093122275756443
2022-09-15 00:00:00+00:00,0.0
2022-09-16 00:00:00+00:00,0.0
2022-09-19 00:00:00+00:00,0.0
2022-09-20 00:00:00+00:00,0.0
2022-09-21 00:00:00+00:00,-0.0010332546114303343
2022-09-22 00:00:00+00:00,0.0
2022-09-23 00:00:00+00:00,0.0
2022-09-26 00:00:00+00:00,0.0
2022-09-27 00:00:00+00:00,0.0
2022-09-28 00:00:00+00:00,0.0
2022-09-29 00:00:00+00:00,0.0
2022-09-30 00:00:00+00:00,0.0
2022-10-10 00:00:00+00:00,0.0
2022-10-11 00:00:00+00:00,-0.0008889811019733296
2022-10-12 00:00:00+00:00,0.0
2022-10-13 00:00:00+00:00,0.0
2022-10-14 00:00:00+00:00,0.0
2022-10-17 00:00:00+00:00,0.0
2022-10-18 00:00:00+00:00,0.0
2022-10-19 00:00:00+00:00,0.0
2022-10-20 00:00:00+00:00,0.0
2022-10-21 00:00:00+00:00,0.0
2022-10-24 00:00:00+00:00,0.0
2022-10-25 00:00:00+00:00,0.0
2022-10-26 00:00:00+00:00,0.0
2022-10-27 00:00:00+00:00,0.0
2022-10-28 00:00:00+00:00,0.0
2022-10-31 00:00:00+00:00,0.0
2022-11-01 00:00:00+00:00,0.0
2022-11-02 00:00:00+00:00,0.0
2022-11-03 00:00:00+00:00,0.0
2022-11-04 00:00:00+00:00,0.0
2022-11-07 00:00:00+00:00,0.0006825460250834414
2022-11-08 00:00:00+00:00,0.0
2022-11-09 00:00:00+00:00,0.0
2022-11-10 00:00:00+00:00,0.0
2022-11-11 00:00:00+00:00,0.0
2022-11-14 00:00:00+00:00,0.0
2022-11-15 00:00:00+00:00,0.0
2022-11-16 00:00:00+00:00,-0.00083060724112205
2022-11-17 00:00:00+00:00,0.0
2022-11-18 00:00:00+00:00,0.0
2022-11-21 00:00:00+00:00,0.0
2022-11-22 00:00:00+00:00,0.0
2022-11-23 00:00:00+00:00,0.0
2022-11-24 00:00:00+00:00,0.0
2022-11-25 00:00:00+00:00,0.0
2022-11-28 00:00:00+00:00,0.0
2022-11-29 00:00:00+00:00,0.0
2022-11-30 00:00:00+00:00,0.0
2022-12-01 00:00:00+00:00,0.0
2022-12-02 00:00:00+00:00,0.0
2022-12-05 00:00:00+00:00,0.0
2022-12-06 00:00:00+00:00,0.0
2022-12-07 00:00:00+00:00,0.0011872272709680942
2022-12-08 00:00:00+00:00,0.0
2022-12-09 00:00:00+00:00,0.0
2022-12-12 00:00:00+00:00,0.0
2022-12-13 00:00:00+00:00,0.0
2022-12-14 00:00:00+00:00,0.0
2022-12-15 00:00:00+00:00,0.0
2022-12-16 00:00:00+00:00,0.0
2022-12-19 00:00:00+00:00,0.0
2022-12-20 00:00:00+00:00,5.865212251876528e-06
2022-12-21 00:00:00+00:00,0.0007752519780381828
2022-12-22 00:00:00+00:00,0.0
2022-12-23 00:00:00+00:00,0.0
2022-12-26 00:00:00+00:00,0.0
2022-12-27 00:00:00+00:00,-0.0004330092567721433
2022-12-28 00:00:00+00:00,0.0
2022-12-29 00:00:00+00:00,0.000462815649442172
2022-12-30 00:00:00+00:00,0.0
2023-01-03 00:00:00+00:00,0.0
2023-01-04 00:00:00+00:00,0.0
2023-01-05 00:00:00+00:00,0.0
2023-01-06 00:00:00+00:00,0.0
2023-01-09 00:00:00+00:00,0.0
2023-01-10 00:00:00+00:00,0.0
2023-01-11 00:00:00+00:00,0.0
2023-01-12 00:00:00+00:00,0.0
2023-01-13 00:00:00+00:00,0.0
2023-01-16 00:00:00+00:00,0.0
2023-01-17 00:00:00+00:00,0.0
2023-01-18 00:00:00+00:00,0.0
2023-01-19 00:00:00+00:00,0.0
2023-01-20 00:00:00+00:00,0.0
2023-01-30 00:00:00+00:00,0.0
2023-01-31 00:00:00+00:00,0.0
2023-02-01 00:00:00+00:00,0.0
2023-02-02 00:00:00+00:00,0.0
2023-02-03 00:00:00+00:00,0.0
2023-02-06 00:00:00+00:00,0.0
2023-02-07 00:00:00+00:00,0.0
2023-02-08 00:00:00+00:00,-0.00048192967927940256
2023-02-09 00:00:00+00:00,0.0
2023-02-10 00:00:00+00:00,9.216046117832555e-05
2023-02-13 00:00:00+00:00,0.0
2023-02-14 00:00:00+00:00,0.0
2023-02-15 00:00:00+00:00,0.0
2023-02-16 00:00:00+00:00,0.0
2023-02-17 00:00:00+00:00,0.0
2023-02-20 00:00:00+00:00,0.0
2023-02-21 00:00:00+00:00,0.0
2023-02-22 00:00:00+00:00,0.0
2023-02-23 00:00:00+00:00,-0.0004935986237929457
2023-02-24 00:00:00+00:00,0.0
2023-02-27 00:00:00+00:00,0.0
2023-02-28 00:00:00+00:00,0.0
2023-03-01 00:00:00+00:00,0.0
2023-03-02 00:00:00+00:00,0.0
2023-03-03 00:00:00+00:00,5.172172429479538e-05
2023-03-06 00:00:00+00:00,0.0
2023-03-07 00:00:00+00:00,0.0
2023-03-08 00:00:00+00:00,0.0
2023-03-09 00:00:00+00:00,0.0
2023-03-10 00:00:00+00:00,0.0
2023-03-13 00:00:00+00:00,0.0
2023-03-14 00:00:00+00:00,0.0
2023-03-15 00:00:00+00:00,0.0
2023-03-16 00:00:00+00:00,0.0
2023-03-17 00:00:00+00:00,0.0
2023-03-20 00:00:00+00:00,0.0006662952043448023
2023-03-21 00:00:00+00:00,0.0
2023-03-22 00:00:00+00:00,0.0
2023-03-23 00:00:00+00:00,-0.0003751725945558837
2023-03-24 00:00:00+00:00,0.0
2023-03-27 00:00:00+00:00,0.0
2023-03-28 00:00:00+00:00,0.0
2023-03-29 00:00:00+00:00,0.0
2023-03-30 00:00:00+00:00,0.0
2023-03-31 00:00:00+00:00,0.0
2023-04-03 00:00:00+00:00,-0.00027868962130150887
