date,amount,price,sid,symbol,value
2016-01-05 13:15:00+00:00,1,3448.0,0,index,-3448.0
2016-01-05 13:25:00+00:00,-2,3427.8,0,index,6855.6
2016-01-06 10:00:00+00:00,2,3453.8,0,index,-6907.6
2016-01-07 09:50:00+00:00,-2,3308.2,0,index,6616.4
2016-01-08 10:10:00+00:00,2,3304.0,0,index,-6608.0
2016-01-11 09:50:00+00:00,-2,3283.0,0,index,6566.0
2016-01-13 09:50:00+00:00,2,3218.2,0,index,-6436.4
2016-01-13 13:20:00+00:00,-2,3198.6,0,index,6397.2
2016-01-14 13:55:00+00:00,2,3172.2,0,index,-6344.4
2016-01-15 10:10:00+00:00,-2,3123.0,0,index,6246.0
2016-01-18 10:35:00+00:00,2,3056.0,0,index,-6112.0
2016-01-18 10:50:00+00:00,-2,3029.4,0,index,6058.8
2016-01-18 13:15:00+00:00,2,3077.0,0,index,-6154.0
2016-01-19 09:40:00+00:00,-2,3056.6,0,index,6113.2
2016-01-19 10:15:00+00:00,2,3065.6,0,index,-6131.2
2016-01-19 10:50:00+00:00,-2,3050.8,0,index,6101.6
2016-01-19 13:05:00+00:00,2,3117.0,0,index,-6234.0
2016-01-20 11:25:00+00:00,-2,3096.0,0,index,6192.0
2016-01-21 11:10:00+00:00,2,3108.0,0,index,-6216.0
2016-01-21 13:45:00+00:00,-2,3042.2,0,index,6084.4
2016-01-22 14:05:00+00:00,2,3060.0,0,index,-6120.0
2016-01-25 14:10:00+00:00,-2,3034.0,0,index,6068.0
2016-01-28 09:35:00+00:00,2,2856.0,0,index,-5712.0
2016-01-28 13:50:00+00:00,-2,2846.6,0,index,5693.2
2016-01-29 10:35:00+00:00,2,2883.8,0,index,-5767.6
2016-02-01 11:05:00+00:00,-2,2892.4,0,index,5784.8
2016-02-02 10:05:00+00:00,2,2923.0,0,index,-5846.0
2016-02-03 10:00:00+00:00,-2,2899.4,0,index,5798.8
2016-02-03 14:50:00+00:00,2,2941.4,0,index,-5882.8
2016-02-05 10:10:00+00:00,-2,2962.6,0,index,5925.2
2016-02-15 14:05:00+00:00,2,2924.2,0,index,-5848.4
2016-02-17 10:00:00+00:00,-2,2979.4,0,index,5958.8
2016-02-18 09:45:00+00:00,2,3005.8,0,index,-6011.6
2016-02-18 14:55:00+00:00,-2,2981.0,0,index,5962.0
2016-02-19 13:55:00+00:00,2,3004.6,0,index,-6009.2
2016-02-19 14:45:00+00:00,-2,2971.2,0,index,5942.4
2016-02-22 09:50:00+00:00,2,3015.0,0,index,-6030.0
2016-02-23 10:35:00+00:00,-2,3025.4,0,index,6050.8
2016-02-24 10:05:00+00:00,2,3039.4,0,index,-6078.8
2016-02-24 11:00:00+00:00,-2,3016.8,0,index,6033.6
2016-02-24 14:45:00+00:00,2,3022.6,0,index,-6045.2
2016-02-25 10:25:00+00:00,-2,2995.8,0,index,5991.6
2016-02-26 14:35:00+00:00,2,2888.8,0,index,-5777.6
2016-02-29 09:50:00+00:00,-2,2815.0,0,index,5630.0
2016-03-01 10:05:00+00:00,2,2827.8,0,index,-5655.6
2016-03-03 14:50:00+00:00,-2,3007.4,0,index,6014.8
2016-03-04 10:25:00+00:00,2,3023.0,0,index,-6046.0
2016-03-07 14:05:00+00:00,-2,3059.2,0,index,6118.4
2016-03-08 14:10:00+00:00,2,3050.0,0,index,-6100.0
2016-03-09 10:25:00+00:00,-2,3038.2,0,index,6076.4
2016-03-09 10:30:00+00:00,2,3029.8,0,index,-6059.6
2016-03-09 11:10:00+00:00,-2,3013.0,0,index,6026.0
2016-03-10 09:45:00+00:00,2,3055.0,0,index,-6110.0
2016-03-10 14:50:00+00:00,-2,2983.8,0,index,5967.6
2016-03-14 09:45:00+00:00,2,3025.2,0,index,-6050.4
2016-03-15 09:35:00+00:00,-2,3043.0,0,index,6086.0
2016-03-15 14:55:00+00:00,2,3053.0,0,index,-6106.0
2016-03-18 10:00:00+00:00,-2,3097.6,0,index,6195.2
2016-03-18 10:50:00+00:00,2,3123.0,0,index,-6246.0
2016-03-22 10:20:00+00:00,-2,3206.8,0,index,6413.6
2016-03-22 14:15:00+00:00,2,3212.8,0,index,-6425.6
2016-03-22 14:25:00+00:00,-2,3200.4,0,index,6400.8
2016-03-22 14:30:00+00:00,2,3203.6,0,index,-6407.2
2016-03-22 14:55:00+00:00,-2,3190.6,0,index,6381.2
2016-03-24 09:35:00+00:00,2,3170.0,0,index,-6340.0
2016-03-24 09:40:00+00:00,-2,3154.8,0,index,6309.6
2016-03-24 13:55:00+00:00,2,3177.0,0,index,-6354.0
2016-03-24 14:40:00+00:00,-2,3150.2,0,index,6300.4
2016-03-25 10:25:00+00:00,2,3169.8,0,index,-6339.6
2016-03-25 11:00:00+00:00,-2,3154.8,0,index,6309.6
2016-03-25 13:45:00+00:00,2,3163.4,0,index,-6326.8
2016-03-25 14:00:00+00:00,-2,3153.0,0,index,6306.0
2016-03-28 09:40:00+00:00,2,3191.2,0,index,-6382.4
2016-03-28 14:00:00+00:00,-2,3170.0,0,index,6340.0
2016-03-30 10:05:00+00:00,2,3158.4,0,index,-6316.8
2016-04-01 09:55:00+00:00,-2,3180.4,0,index,6360.8
2016-04-01 14:35:00+00:00,2,3185.0,0,index,-6370.0
2016-04-06 13:05:00+00:00,-2,3241.0,0,index,6482.0
2016-04-07 09:40:00+00:00,2,3256.4,0,index,-6512.8
2016-04-07 10:30:00+00:00,-2,3218.8,0,index,6437.6
2016-04-11 09:50:00+00:00,2,3222.2,0,index,-6444.4
2016-04-12 09:40:00+00:00,-2,3213.2,0,index,6426.4
2016-04-13 09:45:00+00:00,2,3255.0,0,index,-6510.0
2016-04-14 09:50:00+00:00,-2,3276.6,0,index,6553.2
2016-04-19 09:40:00+00:00,2,3211.0,0,index,-6422.0
2016-04-19 10:50:00+00:00,-2,3184.4,0,index,6368.8
2016-04-19 15:00:00+00:00,2,3195.4,0,index,-6390.8
2016-04-20 11:05:00+00:00,-2,3165.8,0,index,6331.6
2016-04-21 11:00:00+00:00,2,3136.0,0,index,-6272.0
2016-04-22 09:45:00+00:00,-2,3126.8,0,index,6253.6
2016-04-22 14:35:00+00:00,2,3142.6,0,index,-6285.2
2016-04-25 09:50:00+00:00,-2,3102.2,0,index,6204.4
2016-04-25 14:05:00+00:00,2,3130.8,0,index,-6261.6
2016-04-26 13:10:00+00:00,-2,3115.0,0,index,6230.0
2016-04-26 15:00:00+00:00,2,3137.0,0,index,-6274.0
2016-04-27 14:30:00+00:00,-2,3130.2,0,index,6260.4
2016-04-29 09:40:00+00:00,2,3114.4,0,index,-6228.8
2016-05-03 10:00:00+00:00,-2,3134.6,0,index,6269.2
2016-05-03 10:05:00+00:00,2,3143.8,0,index,-6287.6
2016-05-04 10:50:00+00:00,-2,3180.2,0,index,6360.4
2016-05-04 14:05:00+00:00,2,3197.8,0,index,-6395.6
2016-05-05 10:25:00+00:00,-2,3184.6,0,index,6369.2
2016-05-05 10:35:00+00:00,2,3179.6,0,index,-6359.2
2016-05-05 10:40:00+00:00,-2,3177.2,0,index,6354.4
2016-05-05 14:50:00+00:00,2,3191.0,0,index,-6382.0
2016-05-06 10:30:00+00:00,-2,3175.2,0,index,6350.4
2016-05-10 11:15:00+00:00,2,3046.0,0,index,-6092.0
2016-05-11 09:35:00+00:00,-2,3055.4,0,index,6110.8
2016-05-11 10:10:00+00:00,2,3049.4,0,index,-6098.8
2016-05-11 10:45:00+00:00,-2,3040.8,0,index,6081.6
2016-05-11 11:10:00+00:00,2,3055.0,0,index,-6110.0
2016-05-12 09:45:00+00:00,-2,3023.2,0,index,6046.4
2016-05-12 11:20:00+00:00,2,3060.4,0,index,-6120.8
2016-05-13 13:45:00+00:00,-2,3067.2,0,index,6134.4
2016-05-16 11:15:00+00:00,2,3079.0,0,index,-6158.0
2016-05-17 11:10:00+00:00,-2,3063.2,0,index,6126.4
2016-05-17 14:10:00+00:00,2,3096.4,0,index,-6192.8
2016-05-18 09:45:00+00:00,-2,3019.6,0,index,6039.2
2016-05-19 10:00:00+00:00,2,3024.8,0,index,-6049.6
2016-05-19 14:40:00+00:00,-2,3021.6,0,index,6043.2
2016-05-20 10:45:00+00:00,2,3036.8,0,index,-6073.6
2016-05-20 13:30:00+00:00,-2,3024.2,0,index,6048.4
2016-05-20 14:30:00+00:00,2,3038.4,0,index,-6076.8
2016-05-23 14:10:00+00:00,-2,3039.8,0,index,6079.6
2016-05-25 09:40:00+00:00,2,3047.2,0,index,-6094.4
2016-05-25 13:55:00+00:00,-2,3022.6,0,index,6045.2
2016-05-26 14:35:00+00:00,2,3024.4,0,index,-6048.8
2016-05-30 09:55:00+00:00,-2,3012.2,0,index,6024.4
2016-05-30 10:55:00+00:00,2,3032.2,0,index,-6064.4
2016-06-01 14:00:00+00:00,-2,3138.2,0,index,6276.4
2016-06-03 09:50:00+00:00,2,3141.8,0,index,-6283.6
2016-06-06 13:15:00+00:00,-2,3158.0,0,index,6316.0
2016-06-07 10:55:00+00:00,2,3156.6,0,index,-6313.2
2016-06-07 11:20:00+00:00,-2,3154.4,0,index,6308.8
2016-06-07 13:30:00+00:00,2,3160.8,0,index,-6321.6
2016-06-08 09:40:00+00:00,-2,3147.0,0,index,6294.0
2016-06-08 14:10:00+00:00,2,3149.0,0,index,-6298.0
2016-06-13 09:45:00+00:00,-2,3116.4,0,index,6232.8
2016-06-15 10:10:00+00:00,2,3069.0,0,index,-6138.0
2016-06-16 09:55:00+00:00,-2,3050.8,0,index,6101.6
2016-06-17 10:10:00+00:00,2,3072.4,0,index,-6144.8
2016-06-17 13:55:00+00:00,-2,3029.8,0,index,6059.6
2016-06-20 13:35:00+00:00,2,3045.6,0,index,-6091.2
2016-06-21 14:00:00+00:00,-2,3055.4,0,index,6110.8
2016-06-22 11:25:00+00:00,2,3067.6,0,index,-6135.2
2016-06-23 11:20:00+00:00,-2,3051.0,0,index,6102.0
2016-06-24 09:45:00+00:00,2,3075.4,0,index,-6150.8
2016-06-24 10:40:00+00:00,-2,3050.2,0,index,6100.4
2016-06-27 10:15:00+00:00,2,3052.2,0,index,-6104.4
2016-06-28 10:40:00+00:00,-2,3055.6,0,index,6111.2
2016-06-28 13:35:00+00:00,2,3072.4,0,index,-6144.8
2016-07-01 13:30:00+00:00,-2,3109.8,0,index,6219.6
2016-07-04 10:25:00+00:00,2,3144.4,0,index,-6288.8
2016-07-05 14:15:00+00:00,-2,3170.4,0,index,6340.8
2016-07-06 09:35:00+00:00,2,3165.6,0,index,-6331.2
2016-07-06 09:40:00+00:00,-2,3165.0,0,index,6330.0
2016-07-06 13:30:00+00:00,2,3172.4,0,index,-6344.8
2016-07-07 13:15:00+00:00,-2,3169.8,0,index,6339.6
2016-07-07 14:35:00+00:00,2,3187.8,0,index,-6375.6
2016-07-08 10:05:00+00:00,-2,3174.8,0,index,6349.6
2016-07-08 14:20:00+00:00,2,3179.0,0,index,-6358.0
2016-07-12 09:35:00+00:00,-2,3185.0,0,index,6370.0
2016-07-12 10:20:00+00:00,2,3226.0,0,index,-6452.0
2016-07-12 11:25:00+00:00,-2,3204.4,0,index,6408.8
2016-07-12 14:00:00+00:00,2,3225.0,0,index,-6450.0
2016-07-13 15:00:00+00:00,-2,3274.2,0,index,6548.4
2016-07-15 10:15:00+00:00,2,3244.8,0,index,-6489.6
2016-07-15 11:15:00+00:00,-2,3234.0,0,index,6468.0
2016-07-15 11:20:00+00:00,2,3234.8,0,index,-6469.6
2016-07-15 11:25:00+00:00,-2,3236.4,0,index,6472.8
2016-07-15 14:45:00+00:00,2,3249.0,0,index,-6498.0
2016-07-18 10:20:00+00:00,-2,3229.8,0,index,6459.6
2016-07-18 14:15:00+00:00,2,3235.6,0,index,-6471.2
2016-07-18 14:40:00+00:00,-2,3233.8,0,index,6467.6
2016-07-20 10:10:00+00:00,2,3215.2,0,index,-6430.4
2016-07-20 11:00:00+00:00,-2,3200.2,0,index,6400.4
2016-07-20 13:15:00+00:00,2,3209.4,0,index,-6418.8
2016-07-20 14:30:00+00:00,-2,3204.0,0,index,6408.0
2016-07-21 09:50:00+00:00,2,3222.2,0,index,-6444.4
2016-07-22 09:45:00+00:00,-2,3210.4,0,index,6420.8
2016-07-25 10:45:00+00:00,2,3208.2,0,index,-6416.4
2016-07-25 14:25:00+00:00,-2,3199.0,0,index,6398.0
2016-07-26 09:55:00+00:00,2,3220.0,0,index,-6440.0
2016-07-27 13:05:00+00:00,-2,3171.4,0,index,6342.8
2016-07-28 10:55:00+00:00,2,3196.8,0,index,-6393.6
2016-07-29 11:15:00+00:00,-2,3189.8,0,index,6379.6
2016-07-29 13:20:00+00:00,2,3195.4,0,index,-6390.8
2016-07-29 14:25:00+00:00,-2,3188.4,0,index,6376.8
2016-08-02 09:35:00+00:00,2,3176.0,0,index,-6352.0
2016-08-02 13:50:00+00:00,-2,3150.6,0,index,6301.2
2016-08-02 14:35:00+00:00,2,3162.6,0,index,-6325.2
2016-08-03 14:35:00+00:00,-2,3164.8,0,index,6329.6
2016-08-04 13:55:00+00:00,2,3163.8,0,index,-6327.6
2016-08-08 10:10:00+00:00,-2,3183.6,0,index,6367.2
2016-08-08 10:45:00+00:00,2,3191.2,0,index,-6382.4
2016-08-10 13:55:00+00:00,-2,3236.4,0,index,6472.8
2016-08-11 10:05:00+00:00,2,3255.4,0,index,-6510.8
2016-08-11 14:55:00+00:00,-2,3234.8,0,index,6469.6
2016-08-12 13:50:00+00:00,2,3250.8,0,index,-6501.6
2016-08-16 11:25:00+00:00,-2,3377.8,0,index,6755.6
2016-08-18 10:15:00+00:00,2,3355.4,0,index,-6710.8
2016-08-18 10:45:00+00:00,-2,3348.8,0,index,6697.6
2016-08-18 11:30:00+00:00,2,3362.6,0,index,-6725.2
2016-08-18 13:55:00+00:00,-2,3342.4,0,index,6684.8
2016-08-19 14:40:00+00:00,2,3337.0,0,index,-6674.0
2016-08-22 10:55:00+00:00,-2,3323.0,0,index,6646.0
2016-08-23 10:30:00+00:00,2,3336.8,0,index,-6673.6
2016-08-23 14:00:00+00:00,-2,3320.8,0,index,6641.6
2016-08-26 09:35:00+00:00,2,3292.0,0,index,-6584.0
2016-08-26 14:35:00+00:00,-2,3281.0,0,index,6562.0
2016-08-30 09:40:00+00:00,2,3290.2,0,index,-6580.4
2016-08-30 11:00:00+00:00,-2,3280.0,0,index,6560.0
2016-08-30 13:35:00+00:00,2,3302.6,0,index,-6605.2
2016-09-01 11:05:00+00:00,-2,3294.6,0,index,6589.2
2016-09-02 10:55:00+00:00,2,3298.6,0,index,-6597.2
2016-09-02 13:25:00+00:00,-2,3288.0,0,index,6576.0
2016-09-02 15:00:00+00:00,2,3290.0,0,index,-6580.0
2016-09-05 14:35:00+00:00,-2,3297.8,0,index,6595.6
2016-09-06 13:30:00+00:00,2,3307.0,0,index,-6614.0
2016-09-07 14:50:00+00:00,-2,3328.4,0,index,6656.8
2016-09-09 10:00:00+00:00,2,3330.8,0,index,-6661.6
2016-09-09 10:40:00+00:00,-2,3317.0,0,index,6634.0
2016-09-13 10:20:00+00:00,2,3248.6,0,index,-6497.2
2016-09-14 09:40:00+00:00,-2,3202.8,0,index,6405.6
2016-09-19 10:15:00+00:00,2,3218.0,0,index,-6436.0
2016-09-20 10:30:00+00:00,-2,3210.8,0,index,6421.6
2016-09-20 13:20:00+00:00,2,3215.4,0,index,-6430.8
2016-09-20 14:10:00+00:00,-2,3211.6,0,index,6423.2
2016-09-21 09:35:00+00:00,2,3214.0,0,index,-6428.0
2016-09-23 10:15:00+00:00,-2,3259.0,0,index,6518.0
2016-09-27 14:50:00+00:00,2,3223.6,0,index,-6447.2
2016-09-30 10:15:00+00:00,-2,3240.0,0,index,6480.0
2016-09-30 10:30:00+00:00,2,3244.4,0,index,-6488.8
2016-10-11 14:05:00+00:00,-2,3288.6,0,index,6577.2
2016-10-11 14:55:00+00:00,2,3295.2,0,index,-6590.4
2016-10-12 09:45:00+00:00,-2,3287.0,0,index,6574.0
2016-10-13 09:50:00+00:00,2,3297.6,0,index,-6595.2
2016-10-13 10:55:00+00:00,-2,3281.8,0,index,6563.6
2016-10-13 14:20:00+00:00,2,3291.6,0,index,-6583.2
2016-10-14 10:00:00+00:00,-2,3287.0,0,index,6574.0
2016-10-14 14:45:00+00:00,2,3294.2,0,index,-6588.4
2016-10-17 14:20:00+00:00,-2,3284.0,0,index,6568.0
2016-10-18 13:15:00+00:00,2,3287.0,0,index,-6574.0
2016-10-19 14:10:00+00:00,-2,3312.8,0,index,6625.6
2016-10-21 10:30:00+00:00,2,3298.8,0,index,-6597.6
2016-10-21 13:15:00+00:00,-2,3285.6,0,index,6571.2
2016-10-21 14:40:00+00:00,2,3296.2,0,index,-6592.4
2016-10-25 10:45:00+00:00,-2,3339.2,0,index,6678.4
2016-10-26 10:50:00+00:00,2,3341.2,0,index,-6682.4
2016-10-26 10:55:00+00:00,-2,3338.8,0,index,6677.6
2016-10-26 11:00:00+00:00,2,3337.0,0,index,-6674.0
2016-10-26 11:05:00+00:00,-2,3337.0,0,index,6674.0
2016-10-28 09:35:00+00:00,2,3327.2,0,index,-6654.4
2016-10-28 13:15:00+00:00,-2,3326.2,0,index,6652.4
2016-10-28 14:30:00+00:00,2,3329.8,0,index,-6659.6
2016-10-28 14:50:00+00:00,-2,3324.6,0,index,6649.2
2016-10-31 14:20:00+00:00,2,3319.0,0,index,-6638.0
2016-11-02 10:25:00+00:00,-2,3332.8,0,index,6665.6
2016-11-03 10:20:00+00:00,2,3332.8,0,index,-6665.6
2016-11-04 13:15:00+00:00,-2,3351.8,0,index,6703.6
2016-11-07 11:30:00+00:00,2,3349.8,0,index,-6699.6
2016-11-07 14:55:00+00:00,-2,3342.8,0,index,6685.6
2016-11-08 09:40:00+00:00,2,3359.4,0,index,-6718.8
2016-11-09 10:20:00+00:00,-2,3350.0,0,index,6700.0
2016-11-10 09:45:00+00:00,2,3391.0,0,index,-6782.0
2016-11-11 10:00:00+00:00,-2,3372.2,0,index,6744.4
2016-11-11 11:30:00+00:00,2,3386.4,0,index,-6772.8
2016-11-14 14:25:00+00:00,-2,3414.2,0,index,6828.4
2016-11-17 14:35:00+00:00,2,3400.2,0,index,-6800.4
2016-11-18 14:40:00+00:00,-2,3394.0,0,index,6788.0
2016-11-21 10:10:00+00:00,2,3427.0,0,index,-6854.0
2016-11-21 14:25:00+00:00,-2,3407.2,0,index,6814.4
2016-11-22 09:55:00+00:00,2,3430.0,0,index,-6860.0
2016-11-23 14:50:00+00:00,-2,3452.0,0,index,6904.0
2016-11-24 11:05:00+00:00,2,3470.2,0,index,-6940.4
2016-11-25 10:30:00+00:00,-2,3448.2,0,index,6896.4
2016-11-25 13:30:00+00:00,2,3471.8,0,index,-6943.6
2016-11-29 10:05:00+00:00,-2,3527.2,0,index,7054.4
2016-11-29 10:40:00+00:00,2,3546.4,0,index,-7092.8
2016-11-30 10:50:00+00:00,-2,3545.8,0,index,7091.6
2016-12-01 10:15:00+00:00,2,3561.2,0,index,-7122.4
2016-12-02 10:15:00+00:00,-2,3550.2,0,index,7100.4
2016-12-07 13:50:00+00:00,2,3462.0,0,index,-6924.0
2016-12-08 14:55:00+00:00,-2,3456.4,0,index,6912.8
2016-12-09 10:35:00+00:00,2,3469.8,0,index,-6939.6
2016-12-12 10:05:00+00:00,-2,3456.0,0,index,6912.0
2016-12-13 14:00:00+00:00,2,3393.4,0,index,-6786.8
2016-12-14 11:00:00+00:00,-2,3386.4,0,index,6772.8
2016-12-14 13:15:00+00:00,2,3395.0,0,index,-6790.0
2016-12-14 14:40:00+00:00,-2,3390.2,0,index,6780.4
2016-12-16 10:45:00+00:00,2,3323.4,0,index,-6646.8
2016-12-16 13:20:00+00:00,-2,3310.6,0,index,6621.2
2016-12-16 13:55:00+00:00,2,3321.8,0,index,-6643.6
2016-12-19 09:50:00+00:00,-2,3302.4,0,index,6604.8
2016-12-21 10:00:00+00:00,2,3301.2,0,index,-6602.4
2016-12-22 10:25:00+00:00,-2,3299.6,0,index,6599.2
2016-12-22 14:40:00+00:00,2,3301.6,0,index,-6603.2
2016-12-23 10:00:00+00:00,-2,3289.6,0,index,6579.2
2016-12-26 13:55:00+00:00,2,3267.4,0,index,-6534.8
2016-12-27 14:40:00+00:00,-2,3291.6,0,index,6583.2
2016-12-29 13:05:00+00:00,2,3300.0,0,index,-6600.0
2016-12-30 13:05:00+00:00,-2,3290.8,0,index,6581.6
2016-12-30 13:45:00+00:00,2,3294.0,0,index,-6588.0
2017-01-03 09:35:00+00:00,-2,3290.0,0,index,6580.0
2017-01-03 09:40:00+00:00,2,3302.4,0,index,-6604.8
2017-01-04 10:45:00+00:00,-2,3330.4,0,index,6660.8
2017-01-04 11:00:00+00:00,2,3335.0,0,index,-6670.0
2017-01-05 13:30:00+00:00,-2,3349.4,0,index,6698.8
2017-01-05 14:35:00+00:00,2,3351.8,0,index,-6703.6
2017-01-05 14:40:00+00:00,-2,3352.4,0,index,6704.8
2017-01-09 11:05:00+00:00,2,3350.6,0,index,-6701.2
2017-01-10 10:40:00+00:00,-2,3349.0,0,index,6698.0
2017-01-10 13:20:00+00:00,2,3353.0,0,index,-6706.0
2017-01-10 15:00:00+00:00,-2,3344.0,0,index,6688.0
2017-01-11 10:25:00+00:00,2,3354.4,0,index,-6708.8
2017-01-11 11:00:00+00:00,-2,3347.0,0,index,6694.0
2017-01-13 11:30:00+00:00,2,3323.4,0,index,-6646.8
2017-01-13 13:55:00+00:00,-2,3315.8,0,index,6631.6
2017-01-13 14:40:00+00:00,2,3311.2,0,index,-6622.4
2017-01-13 14:50:00+00:00,-2,3311.4,0,index,6622.8
2017-01-17 09:45:00+00:00,2,3308.2,0,index,-6616.4
2017-01-19 09:55:00+00:00,-2,3322.0,0,index,6644.0
2017-01-20 10:10:00+00:00,2,3338.2,0,index,-6676.4
2017-01-23 13:40:00+00:00,-2,3357.0,0,index,6714.0
2017-01-24 14:05:00+00:00,2,3353.4,0,index,-6706.8
2017-01-25 09:50:00+00:00,-2,3347.2,0,index,6694.4
2017-01-25 10:30:00+00:00,2,3353.4,0,index,-6706.8
2017-02-03 09:45:00+00:00,-2,3366.6,0,index,6733.2
2017-02-06 10:15:00+00:00,2,3356.2,0,index,-6712.4
2017-02-06 13:50:00+00:00,-2,3353.0,0,index,6706.0
2017-02-07 10:20:00+00:00,2,3357.4,0,index,-6714.8
2017-02-07 10:30:00+00:00,-2,3356.0,0,index,6712.0
2017-02-07 10:45:00+00:00,2,3356.0,0,index,-6712.0
2017-02-07 11:00:00+00:00,-2,3351.8,0,index,6703.6
2017-02-08 13:30:00+00:00,2,3350.4,0,index,-6700.8
2017-02-14 10:00:00+00:00,-2,3402.0,0,index,6804.0
2017-02-15 09:55:00+00:00,2,3413.4,0,index,-6826.8
2017-02-15 14:45:00+00:00,-2,3397.4,0,index,6794.8
2017-02-16 13:15:00+00:00,2,3403.4,0,index,-6806.8
2017-02-17 13:10:00+00:00,-2,3404.4,0,index,6808.8
2017-02-20 10:20:00+00:00,2,3427.0,0,index,-6854.0
2017-02-22 09:40:00+00:00,-2,3460.2,0,index,6920.4
2017-02-22 13:50:00+00:00,2,3461.6,0,index,-6923.2
2017-02-23 10:40:00+00:00,-2,3455.8,0,index,6911.6
2017-02-24 14:40:00+00:00,2,3450.0,0,index,-6900.0
2017-02-27 10:50:00+00:00,-2,3446.8,0,index,6893.6
2017-02-27 11:05:00+00:00,2,3449.2,0,index,-6898.4
2017-02-27 13:20:00+00:00,-2,3440.8,0,index,6881.6
2017-03-01 09:55:00+00:00,2,3432.8,0,index,-6865.6
2017-03-01 14:55:00+00:00,-2,3434.4,0,index,6868.8
2017-03-06 09:50:00+00:00,2,3412.2,0,index,-6824.4
2017-03-07 10:45:00+00:00,-2,3423.8,0,index,6847.6
2017-03-07 10:50:00+00:00,2,3424.6,0,index,-6849.2
2017-03-07 13:10:00+00:00,-2,3422.4,0,index,6844.8
2017-03-07 13:35:00+00:00,2,3424.4,0,index,-6848.8
2017-03-08 15:00:00+00:00,-2,3430.6,0,index,6861.2
2017-03-10 09:55:00+00:00,2,3411.2,0,index,-6822.4
2017-03-13 09:35:00+00:00,-2,3407.4,0,index,6814.8
2017-03-13 10:35:00+00:00,2,3423.6,0,index,-6847.2
2017-03-14 14:10:00+00:00,-2,3445.6,0,index,6891.2
2017-03-15 10:40:00+00:00,2,3445.4,0,index,-6890.8
2017-03-15 10:55:00+00:00,-2,3447.8,0,index,6895.6
2017-03-15 11:10:00+00:00,2,3454.2,0,index,-6908.4
2017-03-16 11:20:00+00:00,-2,3450.2,0,index,6900.4
2017-03-17 09:40:00+00:00,2,3461.0,0,index,-6922.0
2017-03-17 13:10:00+00:00,-2,3451.6,0,index,6903.2
2017-03-21 09:50:00+00:00,2,3419.8,0,index,-6839.6
2017-03-22 10:45:00+00:00,-2,3421.4,0,index,6842.8
2017-03-22 14:55:00+00:00,2,3419.4,0,index,-6838.8
2017-03-23 13:50:00+00:00,-2,3417.0,0,index,6834.0
2017-03-24 09:40:00+00:00,2,3443.8,0,index,-6887.6
2017-03-27 13:55:00+00:00,-2,3467.6,0,index,6935.2
2017-03-29 11:25:00+00:00,2,3470.0,0,index,-6940.0
2017-03-30 09:45:00+00:00,-2,3448.0,0,index,6896.0
2017-03-31 11:10:00+00:00,2,3441.2,0,index,-6882.4
2017-04-06 10:35:00+00:00,-2,3491.8,0,index,6983.6
2017-04-06 14:00:00+00:00,2,3506.2,0,index,-7012.4
2017-04-10 13:05:00+00:00,-2,3506.0,0,index,7012.0
2017-04-11 10:10:00+00:00,2,3512.8,0,index,-7025.6
2017-04-11 10:40:00+00:00,-2,3496.4,0,index,6992.8
2017-04-11 14:55:00+00:00,2,3514.0,0,index,-7028.0
2017-04-12 15:00:00+00:00,-2,3491.6,0,index,6983.2
2017-04-13 10:35:00+00:00,2,3507.8,0,index,-7015.6
2017-04-14 09:55:00+00:00,-2,3500.4,0,index,7000.8
2017-04-18 09:50:00+00:00,2,3473.0,0,index,-6946.0
2017-04-18 14:50:00+00:00,-2,3469.0,0,index,6938.0
2017-04-20 11:15:00+00:00,2,3437.0,0,index,-6874.0
2017-04-20 14:05:00+00:00,-2,3430.6,0,index,6861.2
2017-04-20 14:55:00+00:00,2,3444.2,0,index,-6888.4
2017-04-21 13:50:00+00:00,-2,3440.2,0,index,6880.4
2017-04-25 09:55:00+00:00,2,3418.0,0,index,-6836.0
2017-04-26 14:55:00+00:00,-2,3431.6,0,index,6863.2
2017-04-27 14:05:00+00:00,2,3427.8,0,index,-6855.6
2017-04-28 11:20:00+00:00,-2,3414.2,0,index,6828.4
2017-05-02 10:45:00+00:00,2,3417.0,0,index,-6834.0
2017-05-02 11:10:00+00:00,-2,3409.6,0,index,6819.2
2017-05-03 10:30:00+00:00,2,3407.2,0,index,-6814.4
2017-05-03 10:45:00+00:00,-2,3408.6,0,index,6817.2
2017-05-04 13:05:00+00:00,2,3403.0,0,index,-6806.0
2017-05-04 14:45:00+00:00,-2,3385.2,0,index,6770.4
2017-05-09 13:05:00+00:00,2,3346.8,0,index,-6693.6
2017-05-09 13:40:00+00:00,-2,3335.2,0,index,6670.4
2017-05-09 14:45:00+00:00,2,3343.2,0,index,-6686.4
2017-05-10 14:15:00+00:00,-2,3343.6,0,index,6687.2
2017-05-11 14:35:00+00:00,2,3339.4,0,index,-6678.8
2017-05-16 09:50:00+00:00,-2,3377.0,0,index,6754.0
2017-05-16 13:10:00+00:00,2,3394.4,0,index,-6788.8
2017-05-17 11:25:00+00:00,-2,3397.6,0,index,6795.2
2017-05-19 10:25:00+00:00,2,3383.8,0,index,-6767.6
2017-05-19 10:50:00+00:00,-2,3379.0,0,index,6758.0
2017-05-19 13:10:00+00:00,2,3381.0,0,index,-6762.0
2017-05-19 13:30:00+00:00,-2,3381.8,0,index,6763.6
2017-05-22 09:35:00+00:00,2,3380.0,0,index,-6760.0
2017-05-22 09:45:00+00:00,-2,3376.0,0,index,6752.0
2017-05-22 09:50:00+00:00,2,3391.6,0,index,-6783.2
2017-05-22 13:25:00+00:00,-2,3383.0,0,index,6766.0
2017-05-23 10:05:00+00:00,2,3397.8,0,index,-6795.6
2017-05-23 14:30:00+00:00,-2,3389.0,0,index,6778.0
2017-05-23 14:35:00+00:00,2,3403.0,0,index,-6806.0
2017-05-24 09:55:00+00:00,-2,3384.0,0,index,6768.0
2017-05-24 14:30:00+00:00,2,3399.4,0,index,-6798.8
2017-05-26 13:55:00+00:00,-2,3472.8,0,index,6945.6
2017-05-31 09:50:00+00:00,2,3504.0,0,index,-7008.0
2017-05-31 13:05:00+00:00,-2,3467.0,0,index,6934.0
2017-06-01 11:00:00+00:00,2,3483.0,0,index,-6966.0
2017-06-02 10:25:00+00:00,-2,3481.0,0,index,6962.0
2017-06-02 14:30:00+00:00,2,3489.6,0,index,-6979.2
2017-06-05 10:00:00+00:00,-2,3467.4,0,index,6934.8
2017-06-06 10:10:00+00:00,2,3475.4,0,index,-6950.8
2017-06-06 13:20:00+00:00,-2,3464.2,0,index,6928.4
2017-06-06 13:30:00+00:00,2,3468.4,0,index,-6936.8
2017-06-12 13:10:00+00:00,-2,3567.0,0,index,7134.0
2017-06-13 13:05:00+00:00,2,3580.8,0,index,-7161.6
2017-06-14 10:05:00+00:00,-2,3565.2,0,index,7130.4
2017-06-19 10:15:00+00:00,2,3520.8,0,index,-7041.6
2017-06-20 10:45:00+00:00,-2,3519.2,0,index,7038.4
2017-06-21 10:15:00+00:00,2,3542.0,0,index,-7084.0
2017-06-21 13:55:00+00:00,-2,3525.8,0,index,7051.6
2017-06-21 14:10:00+00:00,2,3531.8,0,index,-7063.6
2017-06-23 09:35:00+00:00,-2,3564.0,0,index,7128.0
2017-06-23 14:45:00+00:00,2,3582.8,0,index,-7165.6
2017-06-27 10:30:00+00:00,-2,3636.8,0,index,7273.6
2017-06-27 11:30:00+00:00,2,3637.8,0,index,-7275.6
2017-06-27 13:15:00+00:00,-2,3631.8,0,index,7263.6
2017-06-27 14:35:00+00:00,2,3645.8,0,index,-7291.6
2017-06-28 10:25:00+00:00,-2,3632.6,0,index,7265.2
2017-06-28 13:10:00+00:00,2,3646.0,0,index,-7292.0
2017-06-28 13:55:00+00:00,-2,3631.2,0,index,7262.4
2017-06-29 10:25:00+00:00,2,3630.4,0,index,-7260.8
2017-06-29 10:50:00+00:00,-2,3629.4,0,index,7258.8
2017-06-29 11:25:00+00:00,2,3644.0,0,index,-7288.0
2017-06-30 10:20:00+00:00,-2,3635.0,0,index,7270.0
2017-06-30 14:00:00+00:00,2,3646.6,0,index,-7293.2
2017-07-03 10:10:00+00:00,-2,3634.0,0,index,7268.0
2017-07-05 11:00:00+00:00,2,3605.0,0,index,-7210.0
2017-07-06 13:20:00+00:00,-2,3612.8,0,index,7225.6
2017-07-06 14:30:00+00:00,2,3637.4,0,index,-7274.8
2017-07-07 10:00:00+00:00,-2,3623.0,0,index,7246.0
2017-07-07 13:45:00+00:00,2,3631.0,0,index,-7262.0
2017-07-12 11:05:00+00:00,-2,3657.0,0,index,7314.0
2017-07-13 10:25:00+00:00,2,3663.4,0,index,-7326.8
2017-07-17 10:10:00+00:00,-2,3665.8,0,index,7331.6
2017-07-17 11:20:00+00:00,2,3692.2,0,index,-7384.4
2017-07-17 14:25:00+00:00,-2,3653.4,0,index,7306.8
2017-07-18 14:55:00+00:00,2,3649.0,0,index,-7298.0
2017-07-21 10:10:00+00:00,-2,3728.6,0,index,7457.2
2017-07-24 10:30:00+00:00,2,3730.2,0,index,-7460.4
2017-07-25 10:05:00+00:00,-2,3718.4,0,index,7436.8
2017-07-27 13:30:00+00:00,2,3688.0,0,index,-7376.0
2017-07-31 10:30:00+00:00,-2,3698.2,0,index,7396.4
2017-07-31 10:55:00+00:00,2,3713.6,0,index,-7427.2
2017-08-01 14:30:00+00:00,-2,3737.0,0,index,7474.0
2017-08-01 14:45:00+00:00,2,3745.0,0,index,-7490.0
2017-08-02 15:00:00+00:00,-2,3749.2,0,index,7498.4
2017-08-04 13:40:00+00:00,2,3730.4,0,index,-7460.8
2017-08-04 14:25:00+00:00,-2,3715.8,0,index,7431.6
2017-08-07 14:10:00+00:00,2,3715.2,0,index,-7430.4
2017-08-08 13:20:00+00:00,-2,3710.4,0,index,7420.8
2017-08-08 13:40:00+00:00,2,3721.4,0,index,-7442.8
2017-08-09 09:35:00+00:00,-2,3717.8,0,index,7435.6
2017-08-09 11:00:00+00:00,2,3714.4,0,index,-7428.8
2017-08-10 11:15:00+00:00,-2,3713.6,0,index,7427.2
2017-08-14 10:55:00+00:00,2,3666.4,0,index,-7332.8
2017-08-15 14:10:00+00:00,-2,3690.8,0,index,7381.6
2017-08-16 14:30:00+00:00,2,3674.2,0,index,-7348.4
2017-08-18 11:10:00+00:00,-2,3687.0,0,index,7374.0
2017-08-18 13:35:00+00:00,2,3704.4,0,index,-7408.8
2017-08-22 10:20:00+00:00,-2,3718.0,0,index,7436.0
2017-08-22 11:10:00+00:00,2,3724.0,0,index,-7448.0
2017-08-24 10:35:00+00:00,-2,3732.6,0,index,7465.2
2017-08-25 10:05:00+00:00,2,3748.8,0,index,-7497.6
2017-08-29 10:00:00+00:00,-2,3842.4,0,index,7684.8
2017-08-30 09:55:00+00:00,2,3852.8,0,index,-7705.6
2017-08-30 13:40:00+00:00,-2,3838.0,0,index,7676.0
2017-08-30 14:45:00+00:00,2,3844.0,0,index,-7688.0
2017-08-30 15:00:00+00:00,-2,3836.4,0,index,7672.8
2017-09-01 09:40:00+00:00,2,3840.6,0,index,-7681.2
2017-09-01 14:05:00+00:00,-2,3834.0,0,index,7668.0
2017-09-04 13:20:00+00:00,2,3843.0,0,index,-7686.0
2017-09-04 14:50:00+00:00,-2,3835.6,0,index,7671.2
2017-09-05 09:40:00+00:00,2,3851.4,0,index,-7702.8
2017-09-06 10:00:00+00:00,-2,3839.4,0,index,7678.8
2017-09-06 13:45:00+00:00,2,3856.0,0,index,-7712.0
2017-09-07 11:15:00+00:00,-2,3844.6,0,index,7689.2
2017-09-08 13:15:00+00:00,2,3837.0,0,index,-7674.0
2017-09-08 13:25:00+00:00,-2,3832.8,0,index,7665.6
2017-09-11 10:20:00+00:00,2,3841.4,0,index,-7682.8
2017-09-11 13:20:00+00:00,-2,3825.4,0,index,7650.8
2017-09-11 14:25:00+00:00,2,3836.0,0,index,-7672.0
2017-09-11 14:35:00+00:00,-2,3826.4,0,index,7652.8
2017-09-12 11:30:00+00:00,2,3835.8,0,index,-7671.6
2017-09-13 10:25:00+00:00,-2,3830.6,0,index,7661.2
2017-09-13 11:30:00+00:00,2,3840.2,0,index,-7680.4
2017-09-14 11:30:00+00:00,-2,3834.8,0,index,7669.6
2017-09-15 13:20:00+00:00,2,3828.4,0,index,-7656.8
2017-09-15 13:55:00+00:00,-2,3823.0,0,index,7646.0
2017-09-18 09:45:00+00:00,2,3847.0,0,index,-7694.0
2017-09-19 10:35:00+00:00,-2,3849.8,0,index,7699.6
2017-09-20 11:25:00+00:00,2,3845.8,0,index,-7691.6
2017-09-21 10:30:00+00:00,-2,3838.8,0,index,7677.6
2017-09-21 11:10:00+00:00,2,3844.2,0,index,-7688.4
2017-09-21 14:15:00+00:00,-2,3837.4,0,index,7674.8
2017-09-22 15:00:00+00:00,2,3829.4,0,index,-7658.8
2017-09-25 09:55:00+00:00,-2,3819.0,0,index,7638.0
2017-09-26 11:05:00+00:00,2,3817.0,0,index,-7634.0
2017-09-26 14:05:00+00:00,-2,3812.8,0,index,7625.6
2017-09-27 09:50:00+00:00,2,3817.8,0,index,-7635.6
2017-09-28 09:55:00+00:00,-2,3816.6,0,index,7633.2
2017-09-28 14:15:00+00:00,2,3827.0,0,index,-7654.0
2017-09-29 15:00:00+00:00,-2,3844.0,0,index,7688.0
2017-10-09 09:35:00+00:00,2,3910.0,0,index,-7820.0
2017-10-09 14:50:00+00:00,-2,3886.4,0,index,7772.8
2017-10-10 14:45:00+00:00,2,3894.8,0,index,-7789.6
2017-10-16 13:35:00+00:00,-2,3920.8,0,index,7841.6
2017-10-17 13:25:00+00:00,2,3926.8,0,index,-7853.6
2017-10-17 14:30:00+00:00,-2,3916.2,0,index,7832.4
2017-10-18 10:15:00+00:00,2,3920.0,0,index,-7840.0
2017-10-19 13:40:00+00:00,-2,3928.2,0,index,7856.4
2017-10-19 14:05:00+00:00,2,3932.4,0,index,-7864.8
2017-10-19 14:45:00+00:00,-2,3924.4,0,index,7848.8
2017-10-23 09:55:00+00:00,2,3916.4,0,index,-7832.8
2017-10-23 10:40:00+00:00,-2,3910.4,0,index,7820.8
2017-10-23 13:45:00+00:00,2,3915.6,0,index,-7831.2
2017-10-30 10:15:00+00:00,-2,3969.8,0,index,7939.6
2017-10-31 14:10:00+00:00,2,3986.4,0,index,-7972.8
2017-11-01 13:40:00+00:00,-2,3984.0,0,index,7968.0
2017-11-03 09:40:00+00:00,2,3993.8,0,index,-7987.6
2017-11-03 13:10:00+00:00,-2,3964.2,0,index,7928.4
2017-11-06 11:30:00+00:00,2,3972.0,0,index,-7944.0
2017-11-08 14:45:00+00:00,-2,4045.2,0,index,8090.4
2017-11-09 14:30:00+00:00,2,4054.2,0,index,-8108.4
2017-11-14 09:55:00+00:00,-2,4125.0,0,index,8250.0
2017-11-16 10:25:00+00:00,2,4086.2,0,index,-8172.4
2017-11-20 09:55:00+00:00,-2,4089.6,0,index,8179.2
2017-11-20 14:15:00+00:00,2,4116.4,0,index,-8232.8
2017-11-22 14:10:00+00:00,-2,4219.6,0,index,8439.2
2017-11-24 14:50:00+00:00,2,4108.2,0,index,-8216.4
2017-11-27 09:40:00+00:00,-2,4066.6,0,index,8133.2
2017-11-28 14:20:00+00:00,2,4037.4,0,index,-8074.8
2017-11-29 10:30:00+00:00,-2,4016.0,0,index,8032.0
2017-11-29 14:25:00+00:00,2,4048.6,0,index,-8097.2
2017-11-30 13:35:00+00:00,-2,4015.6,0,index,8031.2
2017-12-01 11:00:00+00:00,2,4006.6,0,index,-8013.2
2017-12-01 11:05:00+00:00,-2,4003.0,0,index,8006.0
2017-12-04 10:35:00+00:00,2,3998.0,0,index,-7996.0
2017-12-06 09:55:00+00:00,-2,4003.6,0,index,8007.2
2017-12-07 10:05:00+00:00,2,3995.4,0,index,-7990.8
2017-12-07 10:45:00+00:00,-2,3978.6,0,index,7957.2
2017-12-08 10:35:00+00:00,2,3977.2,0,index,-7954.4
2017-12-08 11:10:00+00:00,-2,3965.0,0,index,7930.0
2017-12-08 13:10:00+00:00,2,3982.4,0,index,-7964.8
2017-12-12 13:40:00+00:00,-2,4043.8,0,index,8087.6
2017-12-13 14:00:00+00:00,2,4040.2,0,index,-8080.4
2017-12-14 11:00:00+00:00,-2,4021.0,0,index,8042.0
2017-12-18 10:10:00+00:00,2,4006.4,0,index,-8012.8
2017-12-18 13:30:00+00:00,-2,3979.6,0,index,7959.2
2017-12-19 09:55:00+00:00,2,4000.6,0,index,-8001.2
2017-12-20 13:45:00+00:00,-2,4032.2,0,index,8064.4
2017-12-21 11:00:00+00:00,2,4054.6,0,index,-8109.2
2017-12-22 11:30:00+00:00,-2,4080.2,0,index,8160.4
2017-12-25 10:00:00+00:00,2,4097.6,0,index,-8195.2
2017-12-25 11:05:00+00:00,-2,4064.4,0,index,8128.8
2017-12-26 14:00:00+00:00,2,4056.4,0,index,-8112.8
2017-12-27 10:35:00+00:00,-2,4045.4,0,index,8090.8
2017-12-27 11:15:00+00:00,2,4050.6,0,index,-8101.2
2017-12-27 11:20:00+00:00,-2,4048.6,0,index,8097.2
2017-12-28 11:30:00+00:00,2,4028.8,0,index,-8057.6
2017-12-29 11:10:00+00:00,-2,4037.0,0,index,8074.0
2017-12-29 14:35:00+00:00,2,4038.4,0,index,-8076.8
2018-01-04 09:50:00+00:00,-2,4118.0,0,index,8236.0
2018-01-04 13:20:00+00:00,2,4138.2,0,index,-8276.4
2018-01-10 14:00:00+00:00,-2,4182.6,0,index,8365.2
2018-01-10 14:35:00+00:00,2,4202.6,0,index,-8405.2
2018-01-11 11:00:00+00:00,-2,4193.6,0,index,8387.2
2018-01-11 13:25:00+00:00,2,4201.2,0,index,-8402.4
2018-01-12 13:55:00+00:00,-2,4210.2,0,index,8420.4
2018-01-12 14:35:00+00:00,2,4222.6,0,index,-8445.2
2018-01-15 15:00:00+00:00,-2,4223.0,0,index,8446.0
2018-01-16 11:10:00+00:00,2,4256.4,0,index,-8512.8
2018-01-17 13:15:00+00:00,-2,4253.0,0,index,8506.0
2018-01-18 09:50:00+00:00,2,4286.8,0,index,-8573.6
2018-01-18 14:10:00+00:00,-2,4260.6,0,index,8521.2
2018-01-18 14:30:00+00:00,2,4273.2,0,index,-8546.4
2018-01-22 09:50:00+00:00,-2,4308.2,0,index,8616.4
2018-01-22 10:15:00+00:00,2,4312.0,0,index,-8624.0
2018-01-24 11:30:00+00:00,-2,4386.8,0,index,8773.6
2018-01-24 13:20:00+00:00,2,4400.6,0,index,-8801.2
2018-01-25 10:05:00+00:00,-2,4375.4,0,index,8750.8
2018-01-25 14:20:00+00:00,2,4397.0,0,index,-8794.0
2018-01-26 09:40:00+00:00,-2,4378.2,0,index,8756.4
2018-01-26 10:30:00+00:00,2,4383.4,0,index,-8766.8
2018-01-29 10:40:00+00:00,-2,4392.6,0,index,8785.2
2018-01-31 13:15:00+00:00,2,4288.0,0,index,-8576.0
2018-01-31 14:05:00+00:00,-2,4266.4,0,index,8532.8
2018-02-01 09:35:00+00:00,2,4285.0,0,index,-8570.0
2018-02-01 10:55:00+00:00,-2,4255.8,0,index,8511.6
2018-02-02 10:45:00+00:00,2,4258.0,0,index,-8516.0
2018-02-05 10:25:00+00:00,-2,4238.0,0,index,8476.0
2018-02-05 13:55:00+00:00,2,4260.0,0,index,-8520.0
2018-02-06 09:50:00+00:00,-2,4202.0,0,index,8404.0
2018-02-07 10:15:00+00:00,2,4199.4,0,index,-8398.8
2018-02-07 11:10:00+00:00,-2,4070.8,0,index,8141.6
2018-02-12 10:15:00+00:00,2,3834.0,0,index,-7668.0
2018-02-13 14:40:00+00:00,-2,3915.0,0,index,7830.0
2018-02-14 13:40:00+00:00,2,3925.4,0,index,-7850.8
2018-02-23 13:30:00+00:00,-2,4028.0,0,index,8056.0
2018-02-23 14:35:00+00:00,2,4042.4,0,index,-8084.8
2018-02-27 10:45:00+00:00,-2,4071.6,0,index,8143.2
2018-02-28 14:10:00+00:00,2,4041.2,0,index,-8082.4
2018-02-28 14:55:00+00:00,-2,4010.8,0,index,8021.6
2018-03-01 10:30:00+00:00,2,4025.0,0,index,-8050.0
2018-03-01 14:10:00+00:00,-2,4015.4,0,index,8030.8
2018-03-01 15:00:00+00:00,2,4034.6,0,index,-8069.2
2018-03-02 10:00:00+00:00,-2,4006.4,0,index,8012.8
2018-03-05 09:50:00+00:00,2,4030.6,0,index,-8061.2
2018-03-05 10:35:00+00:00,-2,4004.4,0,index,8008.8
2018-03-06 09:50:00+00:00,2,4021.8,0,index,-8043.6
2018-03-06 11:05:00+00:00,-2,3996.2,0,index,7992.4
2018-03-06 11:25:00+00:00,2,4012.0,0,index,-8024.0
2018-03-07 13:50:00+00:00,-2,4044.2,0,index,8088.4
2018-03-08 11:10:00+00:00,2,4043.8,0,index,-8087.6
2018-03-13 09:50:00+00:00,-2,4121.2,0,index,8242.4
2018-03-15 10:05:00+00:00,2,4088.6,0,index,-8177.2
2018-03-15 14:05:00+00:00,-2,4078.6,0,index,8157.2
2018-03-15 14:45:00+00:00,2,4086.4,0,index,-8172.8
2018-03-16 10:25:00+00:00,-2,4086.0,0,index,8172.0
2018-03-16 10:35:00+00:00,2,4087.4,0,index,-8174.8
2018-03-16 10:40:00+00:00,-2,4081.2,0,index,8162.4
2018-03-19 14:25:00+00:00,2,4056.4,0,index,-8112.8
2018-03-20 10:05:00+00:00,-2,4039.6,0,index,8079.2
2018-03-20 13:55:00+00:00,2,4052.8,0,index,-8105.6
2018-03-21 14:30:00+00:00,-2,4059.0,0,index,8118.0
2018-03-26 10:35:00+00:00,2,3848.0,0,index,-7696.0
2018-03-26 11:30:00+00:00,-2,3818.8,0,index,7637.6
2018-03-26 14:25:00+00:00,2,3850.2,0,index,-7700.4
2018-03-27 14:35:00+00:00,-2,3877.6,0,index,7755.2
2018-03-29 13:10:00+00:00,2,3822.0,0,index,-7644.0
2018-04-02 09:45:00+00:00,-2,3871.4,0,index,7742.8
2018-04-02 09:55:00+00:00,2,3906.6,0,index,-7813.2
2018-04-02 13:55:00+00:00,-2,3885.2,0,index,7770.4
2018-04-03 15:00:00+00:00,2,3854.8,0,index,-7709.6
2018-04-04 14:25:00+00:00,-2,3859.4,0,index,7718.8
2018-04-09 13:20:00+00:00,2,3862.6,0,index,-7725.2
2018-04-09 13:55:00+00:00,-2,3842.8,0,index,7685.6
2018-04-10 10:00:00+00:00,2,3862.8,0,index,-7725.6
2018-04-12 09:40:00+00:00,-2,3932.0,0,index,7864.0
2018-04-18 14:00:00+00:00,2,3762.0,0,index,-7524.0
2018-04-20 09:45:00+00:00,-2,3784.2,0,index,7568.4
2018-04-23 11:20:00+00:00,2,3757.6,0,index,-7515.2
2018-04-23 13:35:00+00:00,-2,3733.4,0,index,7466.8
2018-04-24 09:40:00+00:00,2,3784.0,0,index,-7568.0
2018-04-25 10:20:00+00:00,-2,3814.8,0,index,7629.6
2018-04-27 14:25:00+00:00,2,3746.4,0,index,-7492.8
2018-05-02 13:10:00+00:00,-2,3734.4,0,index,7468.8
2018-05-03 09:45:00+00:00,2,3762.0,0,index,-7524.0
2018-05-03 10:10:00+00:00,-2,3738.6,0,index,7477.2
2018-05-03 13:10:00+00:00,2,3749.6,0,index,-7499.2
2018-05-04 14:00:00+00:00,-2,3779.6,0,index,7559.2
2018-05-07 10:25:00+00:00,2,3800.0,0,index,-7600.0
2018-05-09 10:25:00+00:00,-2,3860.4,0,index,7720.8
2018-05-10 09:50:00+00:00,2,3891.8,0,index,-7783.6
2018-05-10 13:50:00+00:00,-2,3872.4,0,index,7744.8
2018-05-10 14:20:00+00:00,2,3882.4,0,index,-7764.8
2018-05-11 14:40:00+00:00,-2,3873.6,0,index,7747.2
2018-05-14 09:55:00+00:00,2,3899.4,0,index,-7798.8
2018-05-15 09:45:00+00:00,-2,3908.0,0,index,7816.0
2018-05-15 10:00:00+00:00,2,3914.4,0,index,-7828.8
2018-05-15 10:25:00+00:00,-2,3905.4,0,index,7810.8
2018-05-15 14:35:00+00:00,2,3909.8,0,index,-7819.6
2018-05-16 10:05:00+00:00,-2,3883.8,0,index,7767.6
2018-05-18 11:20:00+00:00,2,3855.4,0,index,-7710.8
2018-05-18 13:45:00+00:00,-2,3844.2,0,index,7688.4
2018-05-18 13:55:00+00:00,2,3861.0,0,index,-7722.0
2018-05-21 14:50:00+00:00,-2,3900.2,0,index,7800.4
2018-05-23 09:35:00+00:00,2,3885.0,0,index,-7770.0
2018-05-23 09:50:00+00:00,-2,3874.2,0,index,7748.4
2018-05-28 10:40:00+00:00,2,3818.0,0,index,-7636.0
2018-05-29 10:25:00+00:00,-2,3807.6,0,index,7615.2
2018-05-31 10:20:00+00:00,2,3738.4,0,index,-7476.8
2018-06-01 13:05:00+00:00,-2,3750.0,0,index,7500.0
2018-06-04 10:00:00+00:00,2,3789.2,0,index,-7578.4
2018-06-06 14:15:00+00:00,-2,3815.6,0,index,7631.2
2018-06-06 14:35:00+00:00,2,3822.0,0,index,-7644.0
2018-06-07 13:45:00+00:00,-2,3821.0,0,index,7642.0
2018-06-11 10:45:00+00:00,2,3764.4,0,index,-7528.8
2018-06-11 14:20:00+00:00,-2,3759.4,0,index,7518.8
2018-06-11 15:00:00+00:00,2,3767.6,0,index,-7535.2
2018-06-13 10:50:00+00:00,-2,3802.8,0,index,7605.6
2018-06-14 10:45:00+00:00,2,3780.6,0,index,-7561.2
2018-06-14 10:50:00+00:00,-2,3777.0,0,index,7554.0
2018-06-20 13:45:00+00:00,2,3601.6,0,index,-7203.2
2018-06-21 13:20:00+00:00,-2,3583.2,0,index,7166.4
2018-06-22 13:25:00+00:00,2,3568.0,0,index,-7136.0
2018-06-22 13:55:00+00:00,-2,3542.2,0,index,7084.4
2018-06-22 14:40:00+00:00,2,3562.0,0,index,-7124.0
2018-06-25 11:25:00+00:00,-2,3559.8,0,index,7119.6
2018-06-25 13:10:00+00:00,2,3565.6,0,index,-7131.2
2018-06-25 13:20:00+00:00,-2,3557.2,0,index,7114.4
2018-06-27 10:10:00+00:00,2,3482.2,0,index,-6964.4
2018-06-27 10:50:00+00:00,-2,3487.4,0,index,6974.8
2018-06-28 13:05:00+00:00,2,3437.2,0,index,-6874.4
2018-06-28 13:50:00+00:00,-2,3401.8,0,index,6803.6
2018-06-29 10:25:00+00:00,2,3421.8,0,index,-6843.6
2018-07-02 10:45:00+00:00,-2,3433.2,0,index,6866.4
2018-07-03 14:05:00+00:00,2,3348.2,0,index,-6696.4
2018-07-04 11:05:00+00:00,-2,3344.0,0,index,6688.0
2018-07-05 10:15:00+00:00,2,3337.4,0,index,-6674.8
2018-07-05 10:35:00+00:00,-2,3336.0,0,index,6672.0
2018-07-05 10:50:00+00:00,2,3354.4,0,index,-6708.8
2018-07-05 13:05:00+00:00,-2,3306.2,0,index,6612.4
2018-07-06 13:25:00+00:00,2,3349.2,0,index,-6698.4
2018-07-10 13:40:00+00:00,-2,3412.8,0,index,6825.6
2018-07-11 09:35:00+00:00,2,3370.0,0,index,-6740.0
2018-07-11 09:40:00+00:00,-2,3353.4,0,index,6706.8
2018-07-12 09:50:00+00:00,2,3427.0,0,index,-6854.0
2018-07-13 11:20:00+00:00,-2,3481.2,0,index,6962.4
2018-07-13 11:25:00+00:00,2,3483.8,0,index,-6967.6
2018-07-13 13:55:00+00:00,-2,3475.8,0,index,6951.6
2018-07-13 14:40:00+00:00,2,3479.0,0,index,-6958.0
2018-07-16 10:00:00+00:00,-2,3463.2,0,index,6926.4
2018-07-18 09:35:00+00:00,2,3458.6,0,index,-6917.2
2018-07-18 14:20:00+00:00,-2,3425.4,0,index,6850.8
2018-07-19 10:20:00+00:00,2,3443.2,0,index,-6886.4
2018-07-19 10:45:00+00:00,-2,3451.2,0,index,6902.4
2018-07-20 13:50:00+00:00,2,3467.4,0,index,-6934.8
2018-07-25 10:20:00+00:00,-2,3565.8,0,index,7131.6
2018-07-27 13:10:00+00:00,2,3527.6,0,index,-7055.2
2018-07-27 13:35:00+00:00,-2,3524.0,0,index,7048.0
2018-07-30 10:10:00+00:00,2,3537.2,0,index,-7074.4
2018-07-30 11:05:00+00:00,-2,3502.6,0,index,7005.2
2018-07-31 11:05:00+00:00,2,3513.4,0,index,-7026.8
2018-07-31 13:35:00+00:00,-2,3499.6,0,index,6999.2
2018-07-31 13:45:00+00:00,2,3511.0,0,index,-7022.0
2018-08-01 11:15:00+00:00,-2,3497.8,0,index,6995.6
2018-08-03 13:25:00+00:00,2,3335.2,0,index,-6670.4
2018-08-03 13:45:00+00:00,-2,3321.0,0,index,6642.0
2018-08-07 11:05:00+00:00,2,3301.0,0,index,-6602.0
2018-08-08 13:15:00+00:00,-2,3331.8,0,index,6663.6
2018-08-09 10:20:00+00:00,2,3349.4,0,index,-6698.8
2018-08-10 11:25:00+00:00,-2,3388.4,0,index,6776.8
2018-08-13 09:35:00+00:00,2,3365.0,0,index,-6730.0
2018-08-13 09:40:00+00:00,-2,3360.0,0,index,6720.0
2018-08-13 14:25:00+00:00,2,3376.4,0,index,-6752.8
2018-08-14 13:05:00+00:00,-2,3353.6,0,index,6707.2
2018-08-16 13:35:00+00:00,2,3290.8,0,index,-6581.6
2018-08-16 14:45:00+00:00,-2,3258.6,0,index,6517.2
2018-08-17 10:10:00+00:00,2,3263.8,0,index,-6527.6
2018-08-17 10:40:00+00:00,-2,3259.4,0,index,6518.8
2018-08-20 14:35:00+00:00,2,3246.2,0,index,-6492.4
2018-08-22 10:10:00+00:00,-2,3292.2,0,index,6584.4
2018-08-23 09:45:00+00:00,2,3325.6,0,index,-6651.2
2018-08-23 11:05:00+00:00,-2,3282.4,0,index,6564.8
2018-08-23 14:00:00+00:00,2,3319.4,0,index,-6638.8
2018-08-24 10:00:00+00:00,-2,3279.6,0,index,6559.2
2018-08-24 13:15:00+00:00,2,3296.4,0,index,-6592.8
2018-08-28 13:25:00+00:00,-2,3389.4,0,index,6778.8
2018-08-30 09:45:00+00:00,2,3384.4,0,index,-6768.8
2018-08-30 10:35:00+00:00,-2,3363.6,0,index,6727.2
2018-08-31 13:20:00+00:00,2,3335.8,0,index,-6671.6
2018-08-31 14:10:00+00:00,-2,3323.0,0,index,6646.0
2018-09-03 14:45:00+00:00,2,3314.2,0,index,-6628.4
2018-09-05 11:30:00+00:00,-2,3319.0,0,index,6638.0
2018-09-07 10:05:00+00:00,2,3308.2,0,index,-6616.4
2018-09-07 11:30:00+00:00,-2,3256.6,0,index,6513.2
2018-09-11 13:20:00+00:00,2,3229.8,0,index,-6459.6
2018-09-11 13:55:00+00:00,-2,3221.4,0,index,6442.8
2018-09-12 14:20:00+00:00,2,3206.6,0,index,-6413.2
2018-09-12 14:35:00+00:00,-2,3202.2,0,index,6404.4
2018-09-13 09:45:00+00:00,2,3240.0,0,index,-6480.0
2018-09-13 11:15:00+00:00,-2,3206.6,0,index,6413.2
2018-09-13 14:20:00+00:00,2,3225.0,0,index,-6450.0
2018-09-17 09:45:00+00:00,-2,3215.4,0,index,6430.8
2018-09-18 10:15:00+00:00,2,3225.4,0,index,-6450.8
2018-09-20 11:30:00+00:00,-2,3320.2,0,index,6640.4
2018-09-21 10:25:00+00:00,2,3317.4,0,index,-6634.8
2018-09-21 10:30:00+00:00,-2,3316.4,0,index,6632.8
2018-09-21 11:10:00+00:00,2,3337.8,0,index,-6675.6
2018-09-25 13:10:00+00:00,-2,3381.6,0,index,6763.2
2018-09-26 09:50:00+00:00,2,3395.4,0,index,-6790.8
2018-09-27 09:45:00+00:00,-2,3405.2,0,index,6810.4
2018-09-27 14:55:00+00:00,2,3415.0,0,index,-6830.0
2018-10-08 09:40:00+00:00,-2,3362.0,0,index,6724.0
2018-10-10 10:05:00+00:00,2,3312.6,0,index,-6625.2
2018-10-10 10:55:00+00:00,-2,3277.2,0,index,6554.4
2018-10-10 14:10:00+00:00,2,3300.2,0,index,-6600.4
2018-10-10 14:20:00+00:00,-2,3285.6,0,index,6571.2
2018-10-12 13:20:00+00:00,2,3160.0,0,index,-6320.0
2018-10-15 11:30:00+00:00,-2,3139.0,0,index,6278.0
2018-10-16 10:25:00+00:00,2,3155.6,0,index,-6311.2
2018-10-16 11:05:00+00:00,-2,3128.8,0,index,6257.6
2018-10-17 10:25:00+00:00,2,3123.2,0,index,-6246.4
2018-10-17 10:30:00+00:00,-2,3124.2,0,index,6248.4
2018-10-17 11:10:00+00:00,2,3118.4,0,index,-6236.8
2018-10-17 11:20:00+00:00,-2,3113.6,0,index,6227.2
2018-10-17 14:30:00+00:00,2,3125.4,0,index,-6250.8
2018-10-18 09:55:00+00:00,-2,3087.6,0,index,6175.2
2018-10-19 11:15:00+00:00,2,3072.6,0,index,-6145.2
2018-10-23 10:30:00+00:00,-2,3248.0,0,index,6496.0
2018-10-24 11:30:00+00:00,2,3242.8,0,index,-6485.6
2018-10-24 14:10:00+00:00,-2,3198.2,0,index,6396.4
2018-10-25 14:30:00+00:00,2,3184.0,0,index,-6368.0
2018-10-26 13:15:00+00:00,-2,3163.8,0,index,6327.6
2018-10-30 11:10:00+00:00,2,3129.4,0,index,-6258.8
2018-11-01 14:25:00+00:00,-2,3177.6,0,index,6355.2
2018-11-02 09:50:00+00:00,2,3254.0,0,index,-6508.0
2018-11-05 11:10:00+00:00,-2,3253.8,0,index,6507.6
2018-11-06 14:55:00+00:00,2,3247.6,0,index,-6495.2
2018-11-07 14:10:00+00:00,-2,3226.0,0,index,6452.0
2018-11-08 11:30:00+00:00,2,3245.0,0,index,-6490.0
2018-11-08 13:35:00+00:00,-2,3227.0,0,index,6454.0
2018-11-12 11:05:00+00:00,2,3190.6,0,index,-6381.2
2018-11-13 10:15:00+00:00,-2,3193.4,0,index,6386.8
2018-11-13 10:45:00+00:00,2,3196.8,0,index,-6393.6
2018-11-13 11:00:00+00:00,-2,3183.2,0,index,6366.4
2018-11-13 13:10:00+00:00,2,3223.0,0,index,-6446.0
2018-11-14 11:15:00+00:00,-2,3219.8,0,index,6439.6
2018-11-15 10:50:00+00:00,2,3227.0,0,index,-6454.0
2018-11-20 10:10:00+00:00,-2,3252.2,0,index,6504.4
2018-11-21 13:20:00+00:00,2,3219.0,0,index,-6438.0
2018-11-21 13:30:00+00:00,-2,3221.0,0,index,6442.0
2018-11-21 13:35:00+00:00,2,3226.4,0,index,-6452.8
2018-11-22 10:10:00+00:00,-2,3208.6,0,index,6417.2
2018-11-22 14:40:00+00:00,2,3213.0,0,index,-6426.0
2018-11-23 09:55:00+00:00,-2,3196.2,0,index,6392.4
2018-11-26 13:25:00+00:00,2,3146.2,0,index,-6292.4
2018-11-26 13:40:00+00:00,-2,3144.4,0,index,6288.8
2018-11-27 10:50:00+00:00,2,3145.4,0,index,-6290.8
2018-11-27 11:30:00+00:00,-2,3139.6,0,index,6279.2
2018-11-27 13:10:00+00:00,2,3145.2,0,index,-6290.4
2018-11-27 14:00:00+00:00,-2,3128.0,0,index,6256.0
2018-11-28 10:50:00+00:00,2,3159.2,0,index,-6318.4
2018-11-29 13:25:00+00:00,-2,3163.8,0,index,6327.6
2018-11-30 11:20:00+00:00,2,3163.8,0,index,-6327.6
2018-11-30 13:30:00+00:00,-2,3138.0,0,index,6276.0
2018-11-30 14:25:00+00:00,2,3168.8,0,index,-6337.6
2018-12-04 10:15:00+00:00,-2,3255.8,0,index,6511.6
2018-12-04 14:45:00+00:00,2,3267.8,0,index,-6535.6
2018-12-05 10:05:00+00:00,-2,3253.4,0,index,6506.8
2018-12-05 11:00:00+00:00,2,3268.2,0,index,-6536.4
2018-12-05 13:55:00+00:00,-2,3256.8,0,index,6513.6
2018-12-05 14:55:00+00:00,2,3259.4,0,index,-6518.8
2018-12-06 09:40:00+00:00,-2,3217.0,0,index,6434.0
2018-12-07 13:25:00+00:00,2,3191.0,0,index,-6382.0
2018-12-07 14:05:00+00:00,-2,3186.6,0,index,6373.2
2018-12-11 10:15:00+00:00,2,3155.4,0,index,-6310.8
2018-12-11 14:05:00+00:00,-2,3146.4,0,index,6292.8
2018-12-12 09:40:00+00:00,2,3174.8,0,index,-6349.6
2018-12-14 10:10:00+00:00,-2,3202.2,0,index,6404.4
2018-12-18 09:55:00+00:00,2,3169.0,0,index,-6338.0
2018-12-18 10:40:00+00:00,-2,3152.2,0,index,6304.4
2018-12-24 10:20:00+00:00,2,3042.2,0,index,-6084.4
2018-12-25 09:50:00+00:00,-2,2993.8,0,index,5987.6
2018-12-25 14:25:00+00:00,2,3030.2,0,index,-6060.4
2018-12-26 13:40:00+00:00,-2,3001.0,0,index,6002.0
2018-12-27 09:45:00+00:00,2,3038.2,0,index,-6076.4
2018-12-27 13:50:00+00:00,-2,3009.0,0,index,6018.0
2018-12-28 10:50:00+00:00,2,3022.2,0,index,-6044.4
2018-12-28 13:30:00+00:00,-2,3009.0,0,index,6018.0
2018-12-28 13:35:00+00:00,2,3015.2,0,index,-6030.4
2018-12-28 14:45:00+00:00,-2,3003.8,0,index,6007.6
2019-01-03 10:10:00+00:00,2,3004.2,0,index,-6008.4
2019-01-03 11:25:00+00:00,-2,2959.0,0,index,5918.0
2019-01-04 10:30:00+00:00,2,2977.4,0,index,-5954.8
2019-01-08 10:10:00+00:00,-2,3045.0,0,index,6090.0
2019-01-08 13:25:00+00:00,2,3049.2,0,index,-6098.4
2019-01-08 14:10:00+00:00,-2,3046.0,0,index,6092.0
2019-01-08 14:35:00+00:00,2,3050.0,0,index,-6100.0
2019-01-09 15:00:00+00:00,-2,3076.0,0,index,6152.0
2019-01-10 14:05:00+00:00,2,3098.0,0,index,-6196.0
2019-01-10 14:45:00+00:00,-2,3071.4,0,index,6142.8
2019-01-11 10:00:00+00:00,2,3106.0,0,index,-6212.0
2019-01-11 10:55:00+00:00,-2,3073.2,0,index,6146.4
2019-01-11 13:45:00+00:00,2,3082.2,0,index,-6164.4
2019-01-14 10:20:00+00:00,-2,3080.0,0,index,6160.0
2019-01-15 10:15:00+00:00,2,3089.8,0,index,-6179.6
2019-01-16 13:50:00+00:00,-2,3122.8,0,index,6245.6
2019-01-16 14:05:00+00:00,2,3127.6,0,index,-6255.2
2019-01-17 10:00:00+00:00,-2,3114.2,0,index,6228.4
2019-01-17 11:25:00+00:00,2,3131.2,0,index,-6262.4
2019-01-17 14:50:00+00:00,-2,3114.6,0,index,6229.2
2019-01-18 10:00:00+00:00,2,3153.0,0,index,-6306.0
2019-01-21 14:50:00+00:00,-2,3186.4,0,index,6372.8
2019-01-21 14:55:00+00:00,2,3188.4,0,index,-6376.8
2019-01-22 09:40:00+00:00,-2,3178.8,0,index,6357.6
2019-01-23 11:10:00+00:00,2,3152.2,0,index,-6304.4
2019-01-23 13:05:00+00:00,-2,3149.0,0,index,6298.0
2019-01-24 11:15:00+00:00,2,3166.6,0,index,-6333.2
2019-01-28 13:30:00+00:00,-2,3200.6,0,index,6401.2
2019-01-29 13:40:00+00:00,2,3203.8,0,index,-6407.6
2019-01-30 13:50:00+00:00,-2,3188.0,0,index,6376.0
2019-01-31 10:15:00+00:00,2,3194.0,0,index,-6388.0
2019-01-31 14:25:00+00:00,-2,3190.6,0,index,6381.2
2019-02-01 09:40:00+00:00,2,3226.2,0,index,-6452.4
2019-02-15 10:00:00+00:00,-2,3398.4,0,index,6796.8
2019-02-18 10:05:00+00:00,2,3398.4,0,index,-6796.8
2019-02-19 13:35:00+00:00,-2,3431.6,0,index,6863.2
2019-02-20 10:05:00+00:00,2,3458.4,0,index,-6916.8
2019-02-20 13:10:00+00:00,-2,3437.8,0,index,6875.6
2019-02-20 14:40:00+00:00,2,3453.4,0,index,-6906.8
2019-02-21 14:45:00+00:00,-2,3444.4,0,index,6888.8
2019-02-22 13:45:00+00:00,2,3479.4,0,index,-6958.8
2019-02-26 14:45:00+00:00,-2,3715.8,0,index,7431.6
2019-03-01 10:10:00+00:00,2,3687.0,0,index,-7374.0
2019-03-01 10:35:00+00:00,-2,3684.0,0,index,7368.0
2019-03-01 10:50:00+00:00,2,3713.0,0,index,-7426.0
2019-03-04 14:55:00+00:00,-2,3790.0,0,index,7580.0
2019-03-05 14:45:00+00:00,2,3814.4,0,index,-7628.8
2019-03-06 14:20:00+00:00,-2,3796.6,0,index,7593.2
2019-03-06 15:00:00+00:00,2,3854.4,0,index,-7708.8
2019-03-07 10:40:00+00:00,-2,3801.0,0,index,7602.0
2019-03-07 14:40:00+00:00,2,3835.2,0,index,-7670.4
2019-03-08 09:45:00+00:00,-2,3740.6,0,index,7481.2
2019-03-11 13:05:00+00:00,2,3711.8,0,index,-7423.6
2019-03-12 14:35:00+00:00,-2,3732.0,0,index,7464.0
2019-03-13 14:15:00+00:00,2,3734.0,0,index,-7468.0
2019-03-13 14:35:00+00:00,-2,3724.0,0,index,7448.0
2019-03-14 10:10:00+00:00,2,3736.4,0,index,-7472.8
2019-03-14 11:20:00+00:00,-2,3726.6,0,index,7453.2
2019-03-15 10:05:00+00:00,2,3743.2,0,index,-7486.4
2019-03-15 14:20:00+00:00,-2,3728.8,0,index,7457.6
2019-03-15 14:50:00+00:00,2,3759.0,0,index,-7518.0
2019-03-19 14:00:00+00:00,-2,3834.2,0,index,7668.4
2019-03-20 11:00:00+00:00,2,3845.4,0,index,-7690.8
2019-03-20 11:30:00+00:00,-2,3802.4,0,index,7604.8
2019-03-20 14:50:00+00:00,2,3838.8,0,index,-7677.6
2019-03-22 09:45:00+00:00,-2,3843.6,0,index,7687.2
2019-03-22 14:20:00+00:00,2,3845.0,0,index,-7690.0
2019-03-25 09:45:00+00:00,-2,3777.2,0,index,7554.4
2019-03-27 10:40:00+00:00,2,3733.8,0,index,-7467.6
2019-03-28 09:50:00+00:00,-2,3713.2,0,index,7426.4
2019-03-28 11:05:00+00:00,2,3739.2,0,index,-7478.4
2019-03-28 14:05:00+00:00,-2,3725.8,0,index,7451.6
2019-03-29 09:45:00+00:00,2,3757.2,0,index,-7514.4
2019-04-02 11:30:00+00:00,-2,3976.6,0,index,7953.2
2019-04-02 13:10:00+00:00,2,3982.2,0,index,-7964.4
2019-04-02 14:10:00+00:00,-2,3973.2,0,index,7946.4
2019-04-03 10:25:00+00:00,2,3986.6,0,index,-7973.2
2019-04-08 13:20:00+00:00,-2,4051.0,0,index,8102.0
2019-04-09 11:00:00+00:00,2,4079.6,0,index,-8159.2
2019-04-09 14:30:00+00:00,-2,4060.0,0,index,8120.0
2019-04-10 09:35:00+00:00,2,4068.0,0,index,-8136.0
2019-04-10 09:55:00+00:00,-2,4045.4,0,index,8090.8
2019-04-10 13:10:00+00:00,2,4065.0,0,index,-8130.0
2019-04-11 10:35:00+00:00,-2,4047.8,0,index,8095.6
2019-04-15 09:40:00+00:00,2,4076.0,0,index,-8152.0
2019-04-15 14:05:00+00:00,-2,4009.0,0,index,8018.0
2019-04-16 13:15:00+00:00,2,4039.4,0,index,-8078.8
2019-04-18 10:05:00+00:00,-2,4070.0,0,index,8140.0
2019-04-18 11:10:00+00:00,2,4082.0,0,index,-8164.0
2019-04-18 13:15:00+00:00,-2,4070.2,0,index,8140.4
2019-04-19 09:55:00+00:00,2,4096.8,0,index,-8193.6
2019-04-19 10:50:00+00:00,-2,4057.6,0,index,8115.2
2019-04-19 13:35:00+00:00,2,4088.6,0,index,-8177.2
2019-04-22 10:40:00+00:00,-2,4081.2,0,index,8162.4
2019-04-23 13:25:00+00:00,2,4028.8,0,index,-8057.6
2019-04-24 10:05:00+00:00,-2,4026.4,0,index,8052.8
2019-04-24 10:10:00+00:00,2,4032.0,0,index,-8064.0
2019-04-24 10:30:00+00:00,-2,4019.2,0,index,8038.4
2019-04-24 14:05:00+00:00,2,4033.2,0,index,-8066.4
2019-04-25 10:00:00+00:00,-2,4008.4,0,index,8016.8
2019-04-29 11:30:00+00:00,2,3916.6,0,index,-7833.2
2019-04-30 09:45:00+00:00,-2,3923.0,0,index,7846.0
2019-05-07 10:20:00+00:00,2,3727.0,0,index,-7454.0
2019-05-07 13:55:00+00:00,-2,3691.6,0,index,7383.2
2019-05-07 14:40:00+00:00,2,3729.8,0,index,-7459.6
2019-05-08 09:55:00+00:00,-2,3669.0,0,index,7338.0
2019-05-08 11:20:00+00:00,2,3701.6,0,index,-7403.2
2019-05-08 13:55:00+00:00,-2,3691.4,0,index,7382.8
2019-05-10 09:55:00+00:00,2,3716.2,0,index,-7432.4
2019-05-13 10:25:00+00:00,-2,3672.0,0,index,7344.0
2019-05-14 10:40:00+00:00,2,3674.8,0,index,-7349.6
2019-05-14 11:25:00+00:00,-2,3652.6,0,index,7305.2
2019-05-14 13:25:00+00:00,2,3681.0,0,index,-7362.0
2019-05-14 14:40:00+00:00,-2,3649.0,0,index,7298.0
2019-05-15 10:00:00+00:00,2,3690.6,0,index,-7381.2
2019-05-16 10:10:00+00:00,-2,3668.6,0,index,7337.2
2019-05-16 15:00:00+00:00,2,3705.0,0,index,-7410.0
2019-05-17 10:15:00+00:00,-2,3669.8,0,index,7339.6
2019-05-21 09:45:00+00:00,2,3607.0,0,index,-7214.0
2019-05-22 09:55:00+00:00,-2,3612.2,0,index,7224.4
2019-05-24 10:00:00+00:00,2,3590.6,0,index,-7181.2
2019-05-24 11:00:00+00:00,-2,3570.8,0,index,7141.6
2019-05-24 11:05:00+00:00,2,3580.8,0,index,-7161.6
2019-05-24 11:15:00+00:00,-2,3570.6,0,index,7141.2
2019-05-24 14:30:00+00:00,2,3577.4,0,index,-7154.8
2019-05-27 09:50:00+00:00,-2,3568.6,0,index,7137.2
2019-05-27 13:30:00+00:00,2,3596.2,0,index,-7192.4
2019-05-28 14:45:00+00:00,-2,3619.8,0,index,7239.6
2019-05-29 13:40:00+00:00,2,3637.0,0,index,-7274.0
2019-05-30 09:55:00+00:00,-2,3595.8,0,index,7191.6
2019-05-30 14:55:00+00:00,2,3616.6,0,index,-7233.2
2019-05-31 14:10:00+00:00,-2,3601.6,0,index,7203.2
2019-06-03 10:05:00+00:00,2,3633.0,0,index,-7266.0
2019-06-03 10:45:00+00:00,-2,3600.2,0,index,7200.4
2019-06-03 13:50:00+00:00,2,3626.4,0,index,-7252.8
2019-06-03 14:25:00+00:00,-2,3597.6,0,index,7195.2
2019-06-05 09:50:00+00:00,2,3598.8,0,index,-7197.6
2019-06-05 14:50:00+00:00,-2,3580.0,0,index,7160.0
2019-06-10 10:20:00+00:00,2,3588.0,0,index,-7176.0
2019-06-12 11:00:00+00:00,-2,3676.2,0,index,7352.4
2019-06-13 13:30:00+00:00,2,3660.6,0,index,-7321.2
2019-06-14 11:30:00+00:00,-2,3661.8,0,index,7323.6
2019-06-17 10:20:00+00:00,2,3670.0,0,index,-7340.0
2019-06-17 11:00:00+00:00,-2,3650.8,0,index,7301.6
2019-06-18 11:05:00+00:00,2,3665.0,0,index,-7330.0
2019-06-18 14:00:00+00:00,-2,3656.2,0,index,7312.4
2019-06-18 14:20:00+00:00,2,3654.2,0,index,-7308.4
2019-06-20 09:35:00+00:00,-2,3721.0,0,index,7442.0
2019-06-20 10:05:00+00:00,2,3744.0,0,index,-7488.0
2019-06-21 13:20:00+00:00,-2,3805.0,0,index,7610.0
2019-06-24 10:50:00+00:00,2,3821.8,0,index,-7643.6
2019-06-24 13:30:00+00:00,-2,3808.4,0,index,7616.8
2019-06-26 10:00:00+00:00,2,3772.8,0,index,-7545.6
2019-06-26 10:15:00+00:00,-2,3768.6,0,index,7537.2
2019-06-26 10:20:00+00:00,2,3769.8,0,index,-7539.6
2019-06-26 10:25:00+00:00,-2,3763.8,0,index,7527.6
2019-06-26 10:30:00+00:00,2,3769.2,0,index,-7538.4
2019-06-26 14:15:00+00:00,-2,3770.6,0,index,7541.2
2019-06-26 14:30:00+00:00,2,3774.0,0,index,-7548.0
2019-06-27 14:40:00+00:00,-2,3799.2,0,index,7598.4
2019-06-28 14:45:00+00:00,2,3811.6,0,index,-7623.2
2019-07-02 10:35:00+00:00,-2,3910.6,0,index,7821.2
2019-07-02 11:25:00+00:00,2,3910.6,0,index,-7821.2
2019-07-02 13:30:00+00:00,-2,3903.6,0,index,7807.2
2019-07-02 14:50:00+00:00,2,3914.4,0,index,-7828.8
2019-07-03 09:45:00+00:00,-2,3885.4,0,index,7770.8
2019-07-05 11:05:00+00:00,2,3864.2,0,index,-7728.4
2019-07-08 09:50:00+00:00,-2,3822.6,0,index,7645.2
2019-07-10 11:05:00+00:00,2,3780.0,0,index,-7560.0
2019-07-10 14:35:00+00:00,-2,3768.0,0,index,7536.0
2019-07-11 09:55:00+00:00,2,3809.0,0,index,-7618.0
2019-07-11 13:40:00+00:00,-2,3773.4,0,index,7546.8
2019-07-12 10:10:00+00:00,2,3799.0,0,index,-7598.0
2019-07-15 09:45:00+00:00,-2,3742.8,0,index,7485.6
2019-07-15 11:15:00+00:00,2,3812.2,0,index,-7624.4
2019-07-16 10:55:00+00:00,-2,3801.0,0,index,7602.0
2019-07-17 10:25:00+00:00,2,3815.8,0,index,-7631.6
2019-07-17 11:10:00+00:00,-2,3799.8,0,index,7599.6
2019-07-17 13:20:00+00:00,2,3810.8,0,index,-7621.6
2019-07-17 14:35:00+00:00,-2,3798.6,0,index,7597.2
2019-07-19 10:00:00+00:00,2,3803.0,0,index,-7606.0
2019-07-19 14:15:00+00:00,-2,3797.0,0,index,7594.0
2019-07-23 14:30:00+00:00,2,3779.6,0,index,-7559.2
2019-07-24 14:40:00+00:00,-2,3804.0,0,index,7608.0
2019-07-25 10:55:00+00:00,2,3828.0,0,index,-7656.0
2019-07-29 10:25:00+00:00,-2,3835.6,0,index,7671.2
2019-07-29 15:00:00+00:00,2,3843.0,0,index,-7686.0
2019-07-31 09:35:00+00:00,-2,3848.0,0,index,7696.0
2019-08-06 15:00:00+00:00,2,3624.4,0,index,-7248.8
2019-08-07 13:05:00+00:00,-2,3622.4,0,index,7244.8
2019-08-08 10:05:00+00:00,2,3647.8,0,index,-7295.6
2019-08-09 11:15:00+00:00,-2,3620.2,0,index,7240.4
2019-08-12 10:10:00+00:00,2,3641.6,0,index,-7283.2
2019-08-13 11:05:00+00:00,-2,3645.6,0,index,7291.2
2019-08-14 09:45:00+00:00,2,3703.4,0,index,-7406.8
2019-08-15 09:40:00+00:00,-2,3606.8,0,index,7213.6
2019-08-15 14:20:00+00:00,2,3661.2,0,index,-7322.4
2019-08-20 14:25:00+00:00,-2,3777.2,0,index,7554.4
2019-08-21 13:40:00+00:00,2,3779.4,0,index,-7558.8
2019-08-21 14:45:00+00:00,-2,3772.8,0,index,7545.6
2019-08-22 09:45:00+00:00,2,3781.6,0,index,-7563.2
2019-08-22 10:00:00+00:00,-2,3769.6,0,index,7539.2
2019-08-22 14:35:00+00:00,2,3777.4,0,index,-7554.8
2019-08-26 09:50:00+00:00,-2,3766.4,0,index,7532.8
2019-08-27 09:55:00+00:00,2,3812.2,0,index,-7624.4
2019-08-28 10:00:00+00:00,-2,3804.8,0,index,7609.6
2019-08-30 09:45:00+00:00,2,3823.0,0,index,-7646.0
2019-08-30 14:15:00+00:00,-2,3779.0,0,index,7558.0
2019-09-02 09:55:00+00:00,2,3816.2,0,index,-7632.4
2019-09-03 10:50:00+00:00,-2,3835.0,0,index,7670.0
2019-09-04 09:40:00+00:00,2,3865.6,0,index,-7731.2
2019-09-05 15:00:00+00:00,-2,3926.0,0,index,7852.0
2019-09-06 14:55:00+00:00,2,3950.0,0,index,-7900.0
2019-09-10 10:00:00+00:00,-2,3948.0,0,index,7896.0
2019-09-10 14:30:00+00:00,2,3954.2,0,index,-7908.4
2019-09-11 10:20:00+00:00,-2,3946.8,0,index,7893.6
2019-09-12 10:05:00+00:00,2,3947.6,0,index,-7895.2
2019-09-16 13:25:00+00:00,-2,3959.2,0,index,7918.4
2019-09-18 11:15:00+00:00,2,3917.4,0,index,-7834.8
2019-09-19 09:45:00+00:00,-2,3912.4,0,index,7824.8
2019-09-19 11:05:00+00:00,2,3913.6,0,index,-7827.2
2019-09-19 13:15:00+00:00,-2,3903.8,0,index,7807.6
2019-09-19 14:20:00+00:00,2,3913.6,0,index,-7827.2
2019-09-23 09:40:00+00:00,-2,3891.8,0,index,7783.6
2019-09-24 09:45:00+00:00,2,3892.6,0,index,-7785.2
2019-09-24 14:55:00+00:00,-2,3896.2,0,index,7792.4
2019-09-26 10:10:00+00:00,2,3895.0,0,index,-7790.0
2019-09-26 10:50:00+00:00,-2,3875.6,0,index,7751.2
2019-09-27 14:05:00+00:00,2,3858.4,0,index,-7716.8
2019-09-30 10:20:00+00:00,-2,3849.2,0,index,7698.4
2019-10-08 10:55:00+00:00,2,3840.6,0,index,-7681.2
2019-10-09 09:35:00+00:00,-2,3811.0,0,index,7622.0
2019-10-09 14:15:00+00:00,2,3833.2,0,index,-7666.4
2019-10-14 14:55:00+00:00,-2,3946.0,0,index,7892.0
2019-10-16 09:45:00+00:00,2,3958.0,0,index,-7916.0
2019-10-16 11:30:00+00:00,-2,3918.0,0,index,7836.0
2019-10-17 10:50:00+00:00,2,3936.8,0,index,-7873.6
2019-10-17 13:40:00+00:00,-2,3927.2,0,index,7854.4
2019-10-17 14:00:00+00:00,2,3930.6,0,index,-7861.2
2019-10-17 14:10:00+00:00,-2,3923.2,0,index,7846.4
2019-10-18 10:05:00+00:00,2,3927.6,0,index,-7855.2
2019-10-18 10:55:00+00:00,-2,3918.0,0,index,7836.0
2019-10-22 09:45:00+00:00,2,3867.0,0,index,-7734.0
2019-10-22 11:05:00+00:00,-2,3865.8,0,index,7731.6
2019-10-22 14:35:00+00:00,2,3886.0,0,index,-7772.0
2019-10-23 13:10:00+00:00,-2,3867.2,0,index,7734.4
2019-10-23 13:40:00+00:00,2,3872.2,0,index,-7744.4
2019-10-23 14:05:00+00:00,-2,3863.6,0,index,7727.2
2019-10-24 10:30:00+00:00,2,3877.2,0,index,-7754.4
2019-10-24 11:15:00+00:00,-2,3856.0,0,index,7712.0
2019-10-24 14:45:00+00:00,2,3861.4,0,index,-7722.8
2019-10-25 10:00:00+00:00,-2,3847.0,0,index,7694.0
2019-10-25 11:25:00+00:00,2,3879.2,0,index,-7758.4
2019-10-29 13:20:00+00:00,-2,3916.6,0,index,7833.2
2019-10-31 10:05:00+00:00,2,3892.4,0,index,-7784.8
2019-10-31 13:55:00+00:00,-2,3875.4,0,index,7750.8
2019-11-01 10:15:00+00:00,2,3896.0,0,index,-7792.0
2019-11-05 10:30:00+00:00,-2,3973.4,0,index,7946.8
2019-11-05 10:35:00+00:00,2,3976.2,0,index,-7952.4
2019-11-06 09:55:00+00:00,-2,4001.4,0,index,8002.8
2019-11-07 10:40:00+00:00,2,4007.6,0,index,-8015.2
2019-11-07 13:05:00+00:00,-2,3971.6,0,index,7943.2
2019-11-07 14:55:00+00:00,2,3987.4,0,index,-7974.8
2019-11-08 13:55:00+00:00,-2,3982.4,0,index,7964.8
2019-11-13 11:25:00+00:00,2,3903.8,0,index,-7807.6
2019-11-13 13:50:00+00:00,-2,3887.4,0,index,7774.8
2019-11-13 15:00:00+00:00,2,3899.2,0,index,-7798.4
2019-11-14 11:00:00+00:00,-2,3889.4,0,index,7778.8
2019-11-14 13:25:00+00:00,2,3897.6,0,index,-7795.2
2019-11-15 09:55:00+00:00,-2,3889.4,0,index,7778.8
2019-11-15 11:20:00+00:00,2,3901.8,0,index,-7803.6
2019-11-15 13:35:00+00:00,-2,3891.8,0,index,7783.6
2019-11-18 10:40:00+00:00,2,3884.4,0,index,-7768.8
2019-11-18 10:55:00+00:00,-2,3888.8,0,index,7777.6
2019-11-18 11:15:00+00:00,2,3896.4,0,index,-7792.8
2019-11-20 10:45:00+00:00,-2,3933.6,0,index,7867.2
2019-11-22 09:55:00+00:00,2,3909.2,0,index,-7818.4
2019-11-22 11:10:00+00:00,-2,3857.2,0,index,7714.4
2019-11-25 10:55:00+00:00,2,3868.4,0,index,-7736.8
2019-11-26 11:00:00+00:00,-2,3866.6,0,index,7733.2
2019-11-26 13:05:00+00:00,2,3872.2,0,index,-7744.4
2019-11-27 09:45:00+00:00,-2,3856.4,0,index,7712.8
2019-11-27 10:50:00+00:00,2,3876.0,0,index,-7752.0
2019-11-27 14:30:00+00:00,-2,3872.4,0,index,7744.8
2019-11-28 09:55:00+00:00,2,3889.2,0,index,-7778.4
2019-11-28 10:55:00+00:00,-2,3871.6,0,index,7743.2
2019-12-02 10:05:00+00:00,2,3849.6,0,index,-7699.2
2019-12-02 14:10:00+00:00,-2,3832.6,0,index,7665.2
2019-12-03 13:20:00+00:00,2,3840.8,0,index,-7681.6
2019-12-04 13:55:00+00:00,-2,3841.4,0,index,7682.8
2019-12-04 14:00:00+00:00,2,3843.0,0,index,-7686.0
2019-12-04 14:25:00+00:00,-2,3841.8,0,index,7683.6
2019-12-04 14:30:00+00:00,2,3847.4,0,index,-7694.8
2019-12-09 13:45:00+00:00,-2,3899.0,0,index,7798.0
2019-12-09 13:50:00+00:00,2,3901.0,0,index,-7802.0
2019-12-09 13:55:00+00:00,-2,3898.4,0,index,7796.8
2019-12-10 13:35:00+00:00,2,3901.0,0,index,-7802.0
2019-12-11 10:25:00+00:00,-2,3894.0,0,index,7788.0
2019-12-11 13:25:00+00:00,2,3906.8,0,index,-7813.6
2019-12-12 13:30:00+00:00,-2,3903.6,0,index,7807.2
2019-12-13 09:45:00+00:00,2,3939.8,0,index,-7879.6
2019-12-18 13:30:00+00:00,-2,4057.8,0,index,8115.6
2019-12-20 09:40:00+00:00,2,4051.0,0,index,-8102.0
2019-12-20 14:50:00+00:00,-2,4043.6,0,index,8087.2
2019-12-24 14:05:00+00:00,2,3994.6,0,index,-7989.2
2019-12-25 14:25:00+00:00,-2,3988.8,0,index,7977.6
2019-12-26 09:50:00+00:00,2,4015.4,0,index,-8030.8
2019-12-27 14:35:00+00:00,-2,4041.0,0,index,8082.0
2019-12-30 11:25:00+00:00,2,4075.0,0,index,-8150.0
2019-12-31 13:25:00+00:00,-2,4080.8,0,index,8161.6
2019-12-31 14:20:00+00:00,2,4100.8,0,index,-8201.6
2020-01-03 10:45:00+00:00,-2,4160.8,0,index,8321.6
2020-01-06 10:30:00+00:00,2,4170.0,0,index,-8340.0
2020-01-06 14:10:00+00:00,-2,4149.6,0,index,8299.2
2020-01-07 10:15:00+00:00,2,4162.4,0,index,-8324.8
2020-01-07 11:00:00+00:00,-2,4145.6,0,index,8291.2
2020-01-07 13:30:00+00:00,2,4156.8,0,index,-8313.6
2020-01-08 10:00:00+00:00,-2,4138.6,0,index,8277.2
2020-01-08 11:30:00+00:00,2,4155.8,0,index,-8311.6
2020-01-08 13:20:00+00:00,-2,4136.0,0,index,8272.0
2020-01-09 09:55:00+00:00,2,4164.0,0,index,-8328.0
2020-01-10 10:55:00+00:00,-2,4156.6,0,index,8313.2
2020-01-10 11:10:00+00:00,2,4165.4,0,index,-8330.8
2020-01-10 11:20:00+00:00,-2,4161.0,0,index,8322.0
2020-01-10 11:25:00+00:00,2,4161.6,0,index,-8323.2
2020-01-10 13:30:00+00:00,-2,4153.8,0,index,8307.6
2020-01-10 14:30:00+00:00,2,4167.4,0,index,-8334.8
2020-01-13 10:05:00+00:00,-2,4156.6,0,index,8313.2
2020-01-13 10:50:00+00:00,2,4167.2,0,index,-8334.4
2020-01-14 14:20:00+00:00,-2,4202.8,0,index,8405.6
2020-01-17 09:55:00+00:00,2,4171.0,0,index,-8342.0
2020-01-17 13:40:00+00:00,-2,4159.8,0,index,8319.6
2020-01-17 14:30:00+00:00,2,4174.2,0,index,-8348.4
2020-01-21 09:55:00+00:00,-2,4154.8,0,index,8309.6
2020-01-22 13:30:00+00:00,2,4125.8,0,index,-8251.6
2020-01-23 10:10:00+00:00,-2,4102.2,0,index,8204.4
2020-02-04 10:15:00+00:00,2,3742.0,0,index,-7484.0
2020-02-05 14:20:00+00:00,-2,3798.4,0,index,7596.8
2020-02-06 09:55:00+00:00,2,3811.0,0,index,-7622.0
2020-02-07 11:20:00+00:00,-2,3854.0,0,index,7708.0
2020-02-07 14:40:00+00:00,2,3876.2,0,index,-7752.4
2020-02-12 10:10:00+00:00,-2,3936.4,0,index,7872.8
2020-02-12 10:35:00+00:00,2,3944.2,0,index,-7888.4
2020-02-13 13:20:00+00:00,-2,3945.8,0,index,7891.6
2020-02-14 10:05:00+00:00,2,3972.8,0,index,-7945.6
2020-02-14 14:45:00+00:00,-2,3974.0,0,index,7948.0
2020-02-17 09:40:00+00:00,2,4011.0,0,index,-8022.0
2020-02-18 11:15:00+00:00,-2,4042.2,0,index,8084.4
2020-02-19 10:00:00+00:00,2,4068.0,0,index,-8136.0
2020-02-19 14:25:00+00:00,-2,4043.8,0,index,8087.6
2020-02-20 09:55:00+00:00,2,4087.4,0,index,-8174.8
2020-02-20 11:00:00+00:00,-2,4069.4,0,index,8138.8
2020-02-20 11:20:00+00:00,2,4077.0,0,index,-8154.0
2020-02-24 09:50:00+00:00,-2,4125.6,0,index,8251.2
2020-02-24 14:10:00+00:00,2,4142.4,0,index,-8284.8
2020-02-24 14:20:00+00:00,-2,4131.8,0,index,8263.6
2020-02-24 14:25:00+00:00,2,4139.2,0,index,-8278.4
2020-02-25 09:35:00+00:00,-2,4093.0,0,index,8186.0
2020-02-25 14:45:00+00:00,2,4120.2,0,index,-8240.4
2020-02-26 09:55:00+00:00,-2,4056.8,0,index,8113.6
2020-02-26 10:50:00+00:00,2,4104.6,0,index,-8209.2
2020-02-26 14:20:00+00:00,-2,4081.0,0,index,8162.0
2020-02-27 10:25:00+00:00,2,4084.8,0,index,-8169.6
2020-02-27 10:40:00+00:00,-2,4088.2,0,index,8176.4
2020-03-02 10:15:00+00:00,2,3987.8,0,index,-7975.6
2020-03-03 14:00:00+00:00,-2,4091.4,0,index,8182.8
2020-03-04 14:50:00+00:00,2,4093.0,0,index,-8186.0
2020-03-06 10:20:00+00:00,-2,4141.8,0,index,8283.6
2020-03-10 10:15:00+00:00,2,3993.2,0,index,-7986.4
2020-03-10 10:50:00+00:00,-2,3957.8,0,index,7915.6
2020-03-10 13:05:00+00:00,2,4055.0,0,index,-8110.0
2020-03-11 13:20:00+00:00,-2,4032.6,0,index,8065.2
2020-03-13 13:45:00+00:00,2,3912.4,0,index,-7824.8
2020-03-16 10:15:00+00:00,-2,3818.4,0,index,7636.8
2020-03-18 09:50:00+00:00,2,3734.2,0,index,-7468.4
2020-03-18 13:50:00+00:00,-2,3683.0,0,index,7366.0
2020-03-19 15:00:00+00:00,2,3585.6,0,index,-7171.2
2020-03-20 13:30:00+00:00,-2,3556.6,0,index,7113.2
2020-03-20 14:20:00+00:00,2,3605.4,0,index,-7210.8
2020-03-23 10:00:00+00:00,-2,3517.6,0,index,7035.2
2020-03-24 09:55:00+00:00,2,3608.8,0,index,-7217.6
2020-03-24 14:00:00+00:00,-2,3551.4,0,index,7102.8
2020-03-24 14:20:00+00:00,2,3582.0,0,index,-7164.0
2020-03-26 10:15:00+00:00,-2,3669.8,0,index,7339.6
2020-03-26 11:05:00+00:00,2,3695.2,0,index,-7390.4
2020-03-26 14:05:00+00:00,-2,3678.8,0,index,7357.6
2020-03-27 10:00:00+00:00,2,3710.0,0,index,-7420.0
2020-03-27 15:00:00+00:00,-2,3686.0,0,index,7372.0
2020-03-30 14:05:00+00:00,2,3670.4,0,index,-7340.8
2020-03-30 14:40:00+00:00,-2,3644.6,0,index,7289.2
2020-03-31 09:40:00+00:00,2,3697.8,0,index,-7395.6
2020-03-31 13:40:00+00:00,-2,3674.0,0,index,7348.0
2020-04-01 10:10:00+00:00,2,3693.8,0,index,-7387.6
2020-04-01 14:00:00+00:00,-2,3664.2,0,index,7328.4
2020-04-02 13:45:00+00:00,2,3678.8,0,index,-7357.6
2020-04-03 13:40:00+00:00,-2,3691.4,0,index,7382.8
2020-04-07 09:45:00+00:00,2,3768.0,0,index,-7536.0
2020-04-08 10:05:00+00:00,-2,3757.8,0,index,7515.6
2020-04-08 14:00:00+00:00,2,3776.8,0,index,-7553.6
2020-04-08 14:20:00+00:00,-2,3763.6,0,index,7527.2
2020-04-09 09:55:00+00:00,2,3787.6,0,index,-7575.2
2020-04-10 09:50:00+00:00,-2,3770.4,0,index,7540.8
2020-04-10 10:30:00+00:00,2,3808.8,0,index,-7617.6
2020-04-10 13:25:00+00:00,-2,3770.2,0,index,7540.4
2020-04-14 09:50:00+00:00,2,3765.8,0,index,-7531.6
2020-04-15 14:10:00+00:00,-2,3796.4,0,index,7592.8
2020-04-16 14:05:00+00:00,2,3797.6,0,index,-7595.2
2020-04-17 14:45:00+00:00,-2,3800.0,0,index,7600.0
2020-04-20 14:30:00+00:00,2,3808.6,0,index,-7617.2
2020-04-21 09:50:00+00:00,-2,3782.8,0,index,7565.6
2020-04-22 10:30:00+00:00,2,3763.4,0,index,-7526.8
2020-04-23 14:50:00+00:00,-2,3788.6,0,index,7577.2
2020-04-27 09:55:00+00:00,2,3803.0,0,index,-7606.0
2020-04-27 14:50:00+00:00,-2,3795.2,0,index,7590.4
2020-04-28 11:10:00+00:00,2,3812.8,0,index,-7625.6
2020-04-29 14:15:00+00:00,-2,3827.0,0,index,7654.0
2020-04-29 14:55:00+00:00,2,3837.2,0,index,-7674.4
2020-05-06 10:00:00+00:00,-2,3871.4,0,index,7742.8
2020-05-06 13:35:00+00:00,2,3892.0,0,index,-7784.0
2020-05-07 13:45:00+00:00,-2,3903.0,0,index,7806.0
2020-05-07 14:25:00+00:00,2,3912.8,0,index,-7825.6
2020-05-11 13:30:00+00:00,-2,3955.2,0,index,7910.4
2020-05-12 14:15:00+00:00,2,3947.4,0,index,-7894.8
2020-05-12 14:35:00+00:00,-2,3942.2,0,index,7884.4
2020-05-13 13:25:00+00:00,2,3947.6,0,index,-7895.2
2020-05-14 09:50:00+00:00,-2,3884.0,0,index,7768.0
2020-05-15 11:30:00+00:00,2,3890.0,0,index,-7780.0
2020-05-15 14:20:00+00:00,-2,3879.4,0,index,7758.8
2020-05-18 10:30:00+00:00,2,3891.6,0,index,-7783.2
2020-05-20 10:05:00+00:00,-2,3909.6,0,index,7819.2
2020-05-21 10:25:00+00:00,2,3898.2,0,index,-7796.4
2020-05-21 10:30:00+00:00,-2,3897.2,0,index,7794.4
2020-05-21 11:20:00+00:00,2,3905.6,0,index,-7811.2
2020-05-21 13:15:00+00:00,-2,3897.8,0,index,7795.6
2020-05-26 09:35:00+00:00,2,3813.0,0,index,-7626.0
2020-05-27 10:20:00+00:00,-2,3813.8,0,index,7627.6
2020-05-28 09:55:00+00:00,2,3842.0,0,index,-7684.0
2020-05-28 13:05:00+00:00,-2,3787.6,0,index,7575.2
2020-05-28 14:50:00+00:00,2,3812.2,0,index,-7624.4
2020-05-29 14:55:00+00:00,-2,3819.0,0,index,7638.0
2020-06-01 09:40:00+00:00,2,3896.8,0,index,-7793.6
2020-06-03 14:35:00+00:00,-2,3957.6,0,index,7915.2
2020-06-05 11:05:00+00:00,2,3948.8,0,index,-7897.6
2020-06-05 11:15:00+00:00,-2,3950.2,0,index,7900.4
2020-06-05 14:10:00+00:00,2,3966.6,0,index,-7933.2
2020-06-08 14:20:00+00:00,-2,3989.8,0,index,7979.6
2020-06-09 10:00:00+00:00,2,4008.6,0,index,-8017.2
2020-06-10 10:25:00+00:00,-2,4014.4,0,index,8028.8
2020-06-11 09:35:00+00:00,2,4005.0,0,index,-8010.0
2020-06-11 09:40:00+00:00,-2,3994.0,0,index,7988.0
2020-06-11 11:30:00+00:00,2,4020.2,0,index,-8040.4
2020-06-11 13:15:00+00:00,-2,3989.2,0,index,7978.4
2020-06-12 13:35:00+00:00,2,3971.8,0,index,-7943.6
2020-06-15 13:15:00+00:00,-2,3955.4,0,index,7910.8
2020-06-16 10:05:00+00:00,2,3993.2,0,index,-7986.4
2020-06-17 10:45:00+00:00,-2,3985.2,0,index,7970.4
2020-06-17 14:30:00+00:00,2,4008.4,0,index,-8016.8
2020-06-19 13:25:00+00:00,-2,4035.2,0,index,8070.4
2020-06-19 13:40:00+00:00,2,4041.0,0,index,-8082.0
2020-06-22 14:10:00+00:00,-2,4040.6,0,index,8081.2
2020-06-23 11:10:00+00:00,2,4067.0,0,index,-8134.0
2020-06-29 10:10:00+00:00,-2,4068.4,0,index,8136.8
2020-06-30 09:50:00+00:00,2,4114.4,0,index,-8228.8
2020-07-07 14:55:00+00:00,-2,4731.4,0,index,9462.8
2020-07-08 14:35:00+00:00,2,4784.0,0,index,-9568.0
2020-07-10 10:40:00+00:00,-2,4793.6,0,index,9587.2
2020-07-13 10:45:00+00:00,2,4797.8,0,index,-9595.6
2020-07-14 10:40:00+00:00,-2,4779.8,0,index,9559.6
2020-07-15 09:45:00+00:00,2,4810.6,0,index,-9621.2
2020-07-15 11:05:00+00:00,-2,4764.8,0,index,9529.6
2020-07-15 13:50:00+00:00,2,4797.0,0,index,-9594.0
2020-07-15 14:55:00+00:00,-2,4742.2,0,index,9484.4
2020-07-20 09:40:00+00:00,2,4570.6,0,index,-9141.2
2020-07-21 14:15:00+00:00,-2,4644.2,0,index,9288.4
2020-07-21 14:25:00+00:00,2,4651.8,0,index,-9303.6
2020-07-22 14:50:00+00:00,-2,4659.2,0,index,9318.4
2020-07-23 14:15:00+00:00,2,4703.0,0,index,-9406.0
2020-07-24 10:00:00+00:00,-2,4622.2,0,index,9244.4
2020-07-27 14:10:00+00:00,2,4494.0,0,index,-8988.0
2020-07-27 14:40:00+00:00,-2,4478.0,0,index,8956.0
2020-07-28 09:50:00+00:00,2,4540.4,0,index,-9080.8
2020-07-28 14:10:00+00:00,-2,4520.6,0,index,9041.2
2020-07-29 09:55:00+00:00,2,4574.8,0,index,-9149.6
2020-07-30 13:40:00+00:00,-2,4646.8,0,index,9293.6
2020-07-31 09:50:00+00:00,2,4695.0,0,index,-9390.0
2020-07-31 11:10:00+00:00,-2,4590.6,0,index,9181.2
2020-07-31 14:55:00+00:00,2,4661.8,0,index,-9323.6
2020-08-05 09:50:00+00:00,-2,4716.8,0,index,9433.6
2020-08-05 13:15:00+00:00,2,4755.4,0,index,-9510.8
2020-08-06 10:15:00+00:00,-2,4705.2,0,index,9410.4
2020-08-06 14:55:00+00:00,2,4728.8,0,index,-9457.6
2020-08-07 10:20:00+00:00,-2,4695.0,0,index,9390.0
2020-08-07 14:40:00+00:00,2,4694.0,0,index,-9388.0
2020-08-10 09:55:00+00:00,-2,4630.0,0,index,9260.0
2020-08-10 10:55:00+00:00,2,4652.6,0,index,-9305.2
2020-08-11 14:20:00+00:00,-2,4690.0,0,index,9380.0
2020-08-12 15:00:00+00:00,2,4623.0,0,index,-9246.0
2020-08-13 14:45:00+00:00,-2,4618.6,0,index,9237.2
2020-08-14 09:55:00+00:00,2,4662.0,0,index,-9324.0
2020-08-14 11:30:00+00:00,-2,4629.4,0,index,9258.8
2020-08-14 13:10:00+00:00,2,4637.0,0,index,-9274.0
2020-08-18 11:05:00+00:00,-2,4803.8,0,index,9607.6
2020-08-18 13:40:00+00:00,2,4812.2,0,index,-9624.4
2020-08-18 13:55:00+00:00,-2,4815.0,0,index,9630.0
2020-08-21 10:00:00+00:00,2,4711.6,0,index,-9423.2
2020-08-21 14:35:00+00:00,-2,4652.2,0,index,9304.4
2020-08-24 09:55:00+00:00,2,4689.2,0,index,-9378.4
2020-08-25 13:35:00+00:00,-2,4731.4,0,index,9462.8
2020-08-26 10:10:00+00:00,2,4752.2,0,index,-9504.4
2020-08-26 10:45:00+00:00,-2,4731.2,0,index,9462.4
2020-08-27 11:30:00+00:00,2,4697.0,0,index,-9394.0
2020-08-31 14:25:00+00:00,-2,4816.0,0,index,9632.0
2020-09-01 15:00:00+00:00,2,4825.4,0,index,-9650.8
2020-09-02 10:55:00+00:00,-2,4786.8,0,index,9573.6
2020-09-02 13:35:00+00:00,2,4818.4,0,index,-9636.8
2020-09-03 09:45:00+00:00,-2,4822.8,0,index,9645.6
2020-09-03 09:55:00+00:00,2,4825.6,0,index,-9651.2
2020-09-03 13:05:00+00:00,-2,4799.6,0,index,9599.2
2020-09-04 15:00:00+00:00,2,4758.0,0,index,-9516.0
2020-09-07 10:50:00+00:00,-2,4720.8,0,index,9441.6
2020-09-08 14:05:00+00:00,2,4693.0,0,index,-9386.0
2020-09-09 09:55:00+00:00,-2,4609.6,0,index,9219.2
2020-09-10 10:15:00+00:00,2,4618.8,0,index,-9237.6
2020-09-10 14:35:00+00:00,-2,4586.2,0,index,9172.4
2020-09-11 13:50:00+00:00,2,4597.8,0,index,-9195.6
2020-09-14 14:10:00+00:00,-2,4620.0,0,index,9240.0
2020-09-15 09:35:00+00:00,2,4639.8,0,index,-9279.6
2020-09-16 13:05:00+00:00,-2,4659.8,0,index,9319.6
2020-09-17 14:15:00+00:00,2,4659.4,0,index,-9318.8
2020-09-18 10:05:00+00:00,-2,4630.0,0,index,9260.0
2020-09-18 10:15:00+00:00,2,4619.0,0,index,-9238.0
2020-09-18 10:50:00+00:00,-2,4623.2,0,index,9246.4
2020-09-18 13:10:00+00:00,2,4634.6,0,index,-9269.2
2020-09-21 13:30:00+00:00,-2,4683.4,0,index,9366.8
2020-09-22 13:35:00+00:00,2,4668.2,0,index,-9336.4
2020-09-22 13:40:00+00:00,-2,4657.4,0,index,9314.8
2020-09-23 14:10:00+00:00,2,4640.4,0,index,-9280.8
2020-09-23 15:00:00+00:00,-2,4622.8,0,index,9245.6
2020-09-25 10:15:00+00:00,2,4563.6,0,index,-9127.2
2020-09-25 13:50:00+00:00,-2,4547.4,0,index,9094.8
2020-09-25 14:45:00+00:00,2,4566.6,0,index,-9133.2
2020-09-28 14:40:00+00:00,-2,4570.8,0,index,9141.6
2020-09-29 09:45:00+00:00,2,4597.8,0,index,-9195.6
2020-09-29 14:10:00+00:00,-2,4596.8,0,index,9193.6
2020-09-29 14:15:00+00:00,2,4613.6,0,index,-9227.2
2020-09-30 13:35:00+00:00,-2,4574.6,0,index,9149.2
2020-10-09 09:50:00+00:00,2,4665.4,0,index,-9330.8
2020-10-14 10:20:00+00:00,-2,4798.6,0,index,9597.2
2020-10-15 10:20:00+00:00,2,4832.4,0,index,-9664.8
2020-10-15 14:40:00+00:00,-2,4804.2,0,index,9608.4
2020-10-19 09:50:00+00:00,2,4841.6,0,index,-9683.2
2020-10-19 11:20:00+00:00,-2,4789.2,0,index,9578.4
2020-10-20 13:25:00+00:00,2,4746.4,0,index,-9492.8
2020-10-21 10:50:00+00:00,-2,4730.8,0,index,9461.6
2020-10-21 14:45:00+00:00,2,4762.4,0,index,-9524.8
2020-10-22 10:10:00+00:00,-2,4722.2,0,index,9444.4
2020-10-22 13:55:00+00:00,2,4739.6,0,index,-9479.2
2020-10-23 13:55:00+00:00,-2,4739.2,0,index,9478.4
2020-10-27 10:30:00+00:00,2,4659.6,0,index,-9319.2
2020-10-27 10:45:00+00:00,-2,4663.8,0,index,9327.6
2020-10-27 13:40:00+00:00,2,4675.2,0,index,-9350.4
2020-10-29 10:20:00+00:00,-2,4705.0,0,index,9410.0
2020-10-29 10:50:00+00:00,2,4719.6,0,index,-9439.2
2020-10-30 11:05:00+00:00,-2,4747.0,0,index,9494.0
2020-11-02 13:55:00+00:00,2,4721.8,0,index,-9443.6
2020-11-06 13:05:00+00:00,-2,4822.4,0,index,9644.8
2020-11-09 09:35:00+00:00,2,4899.4,0,index,-9798.8
2020-11-10 10:30:00+00:00,-2,4955.8,0,index,9911.6
2020-11-16 09:55:00+00:00,2,4840.8,0,index,-9681.6
2020-11-17 11:10:00+00:00,-2,4864.8,0,index,9729.6
2020-11-18 09:45:00+00:00,2,4890.4,0,index,-9780.8
2020-11-18 14:25:00+00:00,-2,4862.0,0,index,9724.0
2020-11-19 10:45:00+00:00,2,4900.4,0,index,-9800.8
2020-11-24 10:25:00+00:00,-2,4970.6,0,index,9941.2
2020-11-25 09:50:00+00:00,2,4991.2,0,index,-9982.4
2020-11-25 10:45:00+00:00,-2,4972.8,0,index,9945.6
2020-11-27 09:40:00+00:00,2,4921.0,0,index,-9842.0
2020-11-30 14:35:00+00:00,-2,4977.8,0,index,9955.6
2020-12-01 11:20:00+00:00,2,5031.8,0,index,-10063.6
2020-12-03 09:55:00+00:00,-2,5055.0,0,index,10110.0
2020-12-03 14:45:00+00:00,2,5068.6,0,index,-10137.2
2020-12-04 09:55:00+00:00,-2,5028.2,0,index,10056.4
2020-12-04 13:35:00+00:00,2,5062.6,0,index,-10125.2
2020-12-07 10:10:00+00:00,-2,5035.2,0,index,10070.4
2020-12-08 14:20:00+00:00,2,5032.6,0,index,-10065.2
2020-12-08 14:35:00+00:00,-2,5018.6,0,index,10037.2
2020-12-14 10:30:00+00:00,2,4906.0,0,index,-9812.0
2020-12-15 10:25:00+00:00,-2,4914.8,0,index,9829.6
2020-12-15 10:40:00+00:00,2,4923.4,0,index,-9846.8
2020-12-15 11:30:00+00:00,-2,4911.8,0,index,9823.6
2020-12-15 13:25:00+00:00,2,4917.0,0,index,-9834.0
2020-12-18 13:10:00+00:00,-2,5011.2,0,index,10022.4
2020-12-21 10:35:00+00:00,2,5030.6,0,index,-10061.2
2020-12-22 10:40:00+00:00,-2,5032.0,0,index,10064.0
2020-12-22 11:15:00+00:00,2,5043.8,0,index,-10087.6
2020-12-22 13:30:00+00:00,-2,5003.6,0,index,10007.2
2020-12-23 13:05:00+00:00,2,5014.8,0,index,-10029.6
2020-12-23 14:10:00+00:00,-2,4985.8,0,index,9971.6
2020-12-23 15:00:00+00:00,2,5004.6,0,index,-10009.2
2020-12-24 11:30:00+00:00,-2,5002.6,0,index,10005.2
2020-12-25 11:00:00+00:00,2,5028.8,0,index,-10057.6
2020-12-28 14:40:00+00:00,-2,5051.8,0,index,10103.6
2020-12-29 09:45:00+00:00,2,5069.8,0,index,-10139.6
2020-12-29 10:25:00+00:00,-2,5054.6,0,index,10109.2
2020-12-29 11:05:00+00:00,2,5074.6,0,index,-10149.2
2020-12-29 13:05:00+00:00,-2,5055.2,0,index,10110.4
2020-12-30 10:05:00+00:00,2,5070.2,0,index,-10140.4
2021-01-08 13:20:00+00:00,-2,5474.0,0,index,10948.0
2021-01-08 15:00:00+00:00,2,5502.0,0,index,-11004.0
2021-01-11 13:50:00+00:00,-2,5472.2,0,index,10944.4
2021-01-12 11:20:00+00:00,2,5497.0,0,index,-10994.0
2021-01-13 14:00:00+00:00,-2,5556.0,0,index,11112.0
2021-01-18 10:35:00+00:00,2,5462.8,0,index,-10925.6
2021-01-19 10:30:00+00:00,-2,5492.2,0,index,10984.4
2021-01-20 10:45:00+00:00,2,5476.8,0,index,-10953.6
2021-01-20 13:15:00+00:00,-2,5448.2,0,index,10896.4
2021-01-20 14:25:00+00:00,2,5460.8,0,index,-10921.6
2021-01-22 10:35:00+00:00,-2,5522.8,0,index,11045.6
2021-01-22 15:00:00+00:00,2,5532.0,0,index,-11064.0
2021-01-26 09:40:00+00:00,-2,5543.4,0,index,11086.8
2021-01-27 13:50:00+00:00,2,5487.6,0,index,-10975.2
2021-01-27 14:20:00+00:00,-2,5479.2,0,index,10958.4
2021-01-29 11:25:00+00:00,2,5390.8,0,index,-10781.6
2021-01-29 13:25:00+00:00,-2,5357.8,0,index,10715.6
2021-02-01 10:25:00+00:00,2,5371.4,0,index,-10742.8
2021-02-01 11:15:00+00:00,-2,5357.0,0,index,10714.0
2021-02-01 11:30:00+00:00,2,5364.2,0,index,-10728.4
2021-02-04 09:35:00+00:00,-2,5440.0,0,index,10880.0
2021-02-04 14:50:00+00:00,2,5460.0,0,index,-10920.0
2021-02-05 15:00:00+00:00,-2,5465.2,0,index,10930.4
2021-02-08 11:00:00+00:00,2,5528.6,0,index,-11057.2
2021-02-18 13:15:00+00:00,-2,5763.6,0,index,11527.2
2021-02-19 13:50:00+00:00,2,5739.2,0,index,-11478.4
2021-02-22 10:00:00+00:00,-2,5677.2,0,index,11354.4
2021-02-23 13:55:00+00:00,2,5607.2,0,index,-11214.4
2021-02-23 14:00:00+00:00,-2,5601.8,0,index,11203.6
2021-02-25 10:45:00+00:00,2,5498.0,0,index,-10996.0
2021-02-25 14:35:00+00:00,-2,5453.0,0,index,10906.0
2021-03-01 10:15:00+00:00,2,5393.0,0,index,-10786.0
2021-03-02 11:15:00+00:00,-2,5355.2,0,index,10710.4
2021-03-03 10:25:00+00:00,2,5355.0,0,index,-10710.0
2021-03-04 10:05:00+00:00,-2,5338.8,0,index,10677.6
2021-03-05 11:30:00+00:00,2,5236.6,0,index,-10473.2
2021-03-05 13:30:00+00:00,-2,5225.4,0,index,10450.8
2021-03-05 14:05:00+00:00,2,5290.0,0,index,-10580.0
2021-03-08 10:50:00+00:00,-2,5177.0,0,index,10354.0
2021-03-10 11:25:00+00:00,2,5021.6,0,index,-10043.2
2021-03-10 13:20:00+00:00,-2,5001.8,0,index,10003.6
2021-03-10 14:40:00+00:00,2,4999.0,0,index,-9998.0
2021-03-10 14:55:00+00:00,-2,4982.0,0,index,9964.0
2021-03-11 09:55:00+00:00,2,5073.4,0,index,-10146.8
2021-03-12 10:40:00+00:00,-2,5068.2,0,index,10136.4
2021-03-12 13:15:00+00:00,2,5101.0,0,index,-10202.0
2021-03-15 09:55:00+00:00,-2,5054.2,0,index,10108.4
2021-03-16 10:05:00+00:00,2,5063.4,0,index,-10126.8
2021-03-16 10:55:00+00:00,-2,5029.8,0,index,10059.6
2021-03-16 11:15:00+00:00,2,5063.0,0,index,-10126.0
2021-03-17 13:35:00+00:00,-2,5061.6,0,index,10123.2
2021-03-17 13:45:00+00:00,2,5065.2,0,index,-10130.4
2021-03-19 09:45:00+00:00,-2,5011.8,0,index,10023.6
2021-03-22 10:15:00+00:00,2,4997.0,0,index,-9994.0
2021-03-23 10:40:00+00:00,-2,4961.6,0,index,9923.2
2021-03-24 09:50:00+00:00,2,4966.0,0,index,-9932.0
2021-03-24 10:20:00+00:00,-2,4934.6,0,index,9869.2
2021-03-25 11:05:00+00:00,2,4933.8,0,index,-9867.6
2021-03-25 11:30:00+00:00,-2,4908.6,0,index,9817.2
2021-03-25 13:15:00+00:00,2,4925.0,0,index,-9850.0
2021-03-25 13:25:00+00:00,-2,4922.2,0,index,9844.4
2021-03-25 13:30:00+00:00,2,4928.8,0,index,-9857.6
2021-03-25 14:35:00+00:00,-2,4906.8,0,index,9813.6
2021-03-25 14:45:00+00:00,2,4922.4,0,index,-9844.8
2021-03-29 13:35:00+00:00,-2,5017.0,0,index,10034.0
2021-03-30 10:20:00+00:00,2,5037.0,0,index,-10074.0
2021-03-31 09:55:00+00:00,-2,5010.4,0,index,10020.8
2021-04-01 09:40:00+00:00,2,5038.2,0,index,-10076.4
2021-04-06 10:35:00+00:00,-2,5118.2,0,index,10236.4
2021-04-08 09:35:00+00:00,2,5050.0,0,index,-10100.0
2021-04-09 09:55:00+00:00,-2,5041.6,0,index,10083.2
2021-04-13 10:25:00+00:00,2,4976.8,0,index,-9953.6
2021-04-13 13:30:00+00:00,-2,4933.8,0,index,9867.6
2021-04-14 10:00:00+00:00,2,4984.0,0,index,-9968.0
2021-04-15 09:50:00+00:00,-2,4932.8,0,index,9865.6
2021-04-15 14:55:00+00:00,2,4947.2,0,index,-9894.4
2021-04-16 10:05:00+00:00,-2,4911.8,0,index,9823.6
2021-04-16 13:40:00+00:00,2,4925.2,0,index,-9850.4
2021-04-20 14:55:00+00:00,-2,5069.2,0,index,10138.4
2021-04-21 13:05:00+00:00,2,5078.8,0,index,-10157.6
2021-04-22 10:05:00+00:00,-2,5049.2,0,index,10098.4
2021-04-23 09:50:00+00:00,2,5087.0,0,index,-10174.0
2021-04-26 13:45:00+00:00,-2,5094.6,0,index,10189.2
2021-04-27 14:10:00+00:00,2,5061.0,0,index,-10122.0
2021-04-30 10:40:00+00:00,-2,5126.2,0,index,10252.4
2021-04-30 11:20:00+00:00,2,5144.2,0,index,-10288.4
2021-04-30 13:25:00+00:00,-2,5089.4,0,index,10178.8
2021-05-07 10:25:00+00:00,2,5072.0,0,index,-10144.0
2021-05-07 13:30:00+00:00,-2,5047.2,0,index,10094.4
2021-05-11 13:05:00+00:00,2,4966.0,0,index,-9932.0
2021-05-12 13:20:00+00:00,-2,4997.0,0,index,9994.0
2021-05-12 14:15:00+00:00,2,5016.4,0,index,-10032.8
2021-05-13 10:10:00+00:00,-2,4970.4,0,index,9940.8
2021-05-14 10:55:00+00:00,2,5026.8,0,index,-10053.6
2021-05-18 10:25:00+00:00,-2,5151.0,0,index,10302.0
2021-05-19 09:35:00+00:00,2,5145.0,0,index,-10290.0
2021-05-19 09:45:00+00:00,-2,5128.0,0,index,10256.0
2021-05-19 10:50:00+00:00,2,5160.4,0,index,-10320.8
2021-05-19 13:35:00+00:00,-2,5150.6,0,index,10301.2
2021-05-20 09:40:00+00:00,2,5167.2,0,index,-10334.4
2021-05-20 10:50:00+00:00,-2,5156.6,0,index,10313.2
2021-05-20 13:05:00+00:00,2,5156.6,0,index,-10313.2
2021-05-21 10:30:00+00:00,-2,5121.0,0,index,10242.0
2021-05-24 13:15:00+00:00,2,5125.0,0,index,-10250.0
2021-05-27 09:40:00+00:00,-2,5302.6,0,index,10605.2
2021-05-27 10:55:00+00:00,2,5338.8,0,index,-10677.6
2021-05-27 13:45:00+00:00,-2,5317.0,0,index,10634.0
2021-05-27 14:20:00+00:00,2,5331.8,0,index,-10663.6
2021-05-28 11:00:00+00:00,-2,5318.8,0,index,10637.6
2021-05-28 13:20:00+00:00,2,5349.6,0,index,-10699.2
2021-05-28 14:05:00+00:00,-2,5291.2,0,index,10582.4
2021-05-31 14:20:00+00:00,2,5310.2,0,index,-10620.4
2021-06-01 10:35:00+00:00,-2,5259.4,0,index,10518.8
2021-06-01 13:15:00+00:00,2,5307.2,0,index,-10614.4
2021-06-02 10:20:00+00:00,-2,5298.6,0,index,10597.2
2021-06-03 10:20:00+00:00,2,5293.8,0,index,-10587.6
2021-06-03 10:55:00+00:00,-2,5274.2,0,index,10548.4
2021-06-03 11:20:00+00:00,2,5294.2,0,index,-10588.4
2021-06-03 14:10:00+00:00,-2,5263.2,0,index,10526.4
2021-06-04 13:20:00+00:00,2,5294.2,0,index,-10588.4
2021-06-07 10:15:00+00:00,-2,5243.0,0,index,10486.0
2021-06-07 14:40:00+00:00,2,5255.6,0,index,-10511.2
2021-06-08 11:05:00+00:00,-2,5205.0,0,index,10410.0
2021-06-09 11:05:00+00:00,2,5233.0,0,index,-10466.0
2021-06-09 14:05:00+00:00,-2,5212.4,0,index,10424.8
2021-06-09 15:00:00+00:00,2,5234.0,0,index,-10468.0
2021-06-11 09:35:00+00:00,-2,5275.4,0,index,10550.8
2021-06-17 10:45:00+00:00,2,5096.8,0,index,-10193.6
2021-06-17 11:15:00+00:00,-2,5095.4,0,index,10190.8
2021-06-17 13:05:00+00:00,2,5097.2,0,index,-10194.4
2021-06-17 13:25:00+00:00,-2,5087.4,0,index,10174.8
2021-06-17 14:20:00+00:00,2,5102.4,0,index,-10204.8
2021-06-18 09:40:00+00:00,-2,5070.8,0,index,10141.6
2021-06-18 14:35:00+00:00,2,5083.0,0,index,-10166.0
2021-06-21 09:50:00+00:00,-2,5041.6,0,index,10083.2
2021-06-21 10:30:00+00:00,2,5093.8,0,index,-10187.6
2021-06-21 11:30:00+00:00,-2,5040.2,0,index,10080.4
2021-06-22 09:40:00+00:00,2,5072.8,0,index,-10145.6
2021-06-22 14:20:00+00:00,-2,5057.0,0,index,10114.0
2021-06-22 14:50:00+00:00,2,5086.0,0,index,-10172.0
2021-06-24 09:55:00+00:00,-2,5101.0,0,index,10202.0
2021-06-24 14:00:00+00:00,2,5128.0,0,index,-10256.0
2021-06-28 13:30:00+00:00,-2,5217.0,0,index,10434.0
2021-06-30 10:25:00+00:00,2,5183.6,0,index,-10367.2
2021-07-01 09:55:00+00:00,-2,5160.6,0,index,10321.2
2021-07-01 13:45:00+00:00,2,5185.2,0,index,-10370.4
2021-07-01 14:45:00+00:00,-2,5142.0,0,index,10284.0
2021-07-06 09:35:00+00:00,2,5066.2,0,index,-10132.4
2021-07-06 11:05:00+00:00,-2,5027.4,0,index,10054.8
2021-07-07 09:35:00+00:00,2,5040.8,0,index,-10081.6
2021-07-08 10:40:00+00:00,-2,5097.4,0,index,10194.8
2021-07-09 14:15:00+00:00,2,5061.8,0,index,-10123.6
2021-07-13 13:15:00+00:00,-2,5112.4,0,index,10224.8
2021-07-13 14:10:00+00:00,2,5136.4,0,index,-10272.8
2021-07-14 09:45:00+00:00,-2,5100.4,0,index,10200.8
2021-07-15 11:05:00+00:00,2,5117.2,0,index,-10234.4
2021-07-16 10:20:00+00:00,-2,5096.4,0,index,10192.8
2021-07-19 13:30:00+00:00,2,5072.0,0,index,-10144.0
2021-07-20 11:25:00+00:00,-2,5074.6,0,index,10149.2
2021-07-20 14:30:00+00:00,2,5093.4,0,index,-10186.8
2021-07-22 13:20:00+00:00,-2,5121.8,0,index,10243.6
2021-07-28 14:55:00+00:00,2,4735.8,0,index,-9471.6
2021-07-30 09:50:00+00:00,-2,4757.2,0,index,9514.4
2021-07-30 14:50:00+00:00,2,4779.2,0,index,-9558.4
2021-08-02 09:50:00+00:00,-2,4756.6,0,index,9513.2
2021-08-02 10:40:00+00:00,2,4823.8,0,index,-9647.6
2021-08-05 09:55:00+00:00,-2,4917.4,0,index,9834.8
2021-08-05 10:35:00+00:00,2,4929.4,0,index,-9858.8
2021-08-05 11:00:00+00:00,-2,4908.4,0,index,9816.8
2021-08-05 13:25:00+00:00,2,4929.2,0,index,-9858.4
2021-08-05 13:55:00+00:00,-2,4910.8,0,index,9821.6
2021-08-06 15:00:00+00:00,2,4891.2,0,index,-9782.4
2021-08-10 10:10:00+00:00,-2,4918.8,0,index,9837.6
2021-08-10 13:50:00+00:00,2,4981.2,0,index,-9962.4
2021-08-11 13:55:00+00:00,-2,4978.0,0,index,9956.0
2021-08-16 10:15:00+00:00,2,4918.6,0,index,-9837.2
2021-08-16 14:25:00+00:00,-2,4893.8,0,index,9787.6
2021-08-17 09:55:00+00:00,2,4924.8,0,index,-9849.6
2021-08-17 13:05:00+00:00,-2,4883.4,0,index,9766.8
2021-08-18 13:20:00+00:00,2,4878.0,0,index,-9756.0
2021-08-19 10:35:00+00:00,-2,4815.6,0,index,9631.2
2021-08-23 10:10:00+00:00,2,4774.2,0,index,-9548.4
2021-08-25 10:40:00+00:00,-2,4842.0,0,index,9684.0
2021-08-25 14:45:00+00:00,2,4845.2,0,index,-9690.4
2021-08-26 09:40:00+00:00,-2,4817.8,0,index,9635.6
2021-08-27 10:20:00+00:00,2,4836.6,0,index,-9673.2
2021-08-27 13:55:00+00:00,-2,4800.6,0,index,9601.2
2021-08-31 14:20:00+00:00,2,4770.0,0,index,-9540.0
2021-09-02 11:25:00+00:00,-2,4846.4,0,index,9692.8
2021-09-02 14:55:00+00:00,2,4858.2,0,index,-9716.4
2021-09-03 09:45:00+00:00,-2,4844.4,0,index,9688.8
2021-09-03 10:40:00+00:00,2,4858.0,0,index,-9716.0
2021-09-03 13:35:00+00:00,-2,4834.6,0,index,9669.2
2021-09-06 09:55:00+00:00,2,4899.4,0,index,-9798.8
2021-09-08 13:25:00+00:00,-2,4958.8,0,index,9917.6
2021-09-09 14:45:00+00:00,2,4958.4,0,index,-9916.8
2021-09-13 10:25:00+00:00,-2,4995.8,0,index,9991.6
2021-09-14 11:00:00+00:00,2,4999.2,0,index,-9998.4
2021-09-14 13:20:00+00:00,-2,4962.8,0,index,9925.6
2021-09-17 13:10:00+00:00,2,4831.8,0,index,-9663.6
2021-09-22 10:05:00+00:00,-2,4803.0,0,index,9606.0
2021-09-22 13:55:00+00:00,2,4825.6,0,index,-9651.2
2021-09-23 14:35:00+00:00,-2,4832.8,0,index,9665.6
2021-09-24 09:40:00+00:00,2,4849.6,0,index,-9699.2
2021-09-24 14:55:00+00:00,-2,4847.2,0,index,9694.4
2021-09-27 10:00:00+00:00,2,4908.4,0,index,-9816.8
2021-09-27 13:20:00+00:00,-2,4864.0,0,index,9728.0
2021-09-27 14:20:00+00:00,2,4875.0,0,index,-9750.0
2021-09-27 14:40:00+00:00,-2,4871.2,0,index,9742.4
2021-09-28 10:45:00+00:00,2,4892.8,0,index,-9785.6
2021-09-28 14:40:00+00:00,-2,4878.6,0,index,9757.2
2021-09-29 14:00:00+00:00,2,4866.2,0,index,-9732.4
2021-10-08 09:50:00+00:00,-2,4855.2,0,index,9710.4
2021-10-08 10:35:00+00:00,2,4920.2,0,index,-9840.4
2021-10-11 14:35:00+00:00,-2,4950.0,0,index,9900.0
2021-10-13 13:05:00+00:00,2,4905.0,0,index,-9810.0
2021-10-14 11:05:00+00:00,-2,4922.8,0,index,9845.6
2021-10-15 10:50:00+00:00,2,4922.4,0,index,-9844.8
2021-10-18 09:45:00+00:00,-2,4856.6,0,index,9713.2
2021-10-19 09:55:00+00:00,2,4876.0,0,index,-9752.0
2021-10-20 10:40:00+00:00,-2,4882.8,0,index,9765.6
2021-10-20 11:30:00+00:00,2,4909.2,0,index,-9818.4
2021-10-20 13:50:00+00:00,-2,4892.2,0,index,9784.4
2021-10-21 10:20:00+00:00,2,4900.6,0,index,-9801.2
2021-10-21 13:50:00+00:00,-2,4889.2,0,index,9778.4
2021-10-21 15:00:00+00:00,2,4909.8,0,index,-9819.6
2021-10-25 10:15:00+00:00,-2,4943.0,0,index,9886.0
2021-10-25 11:15:00+00:00,2,4961.0,0,index,-9922.0
2021-10-25 13:35:00+00:00,-2,4953.4,0,index,9906.8
2021-10-25 14:15:00+00:00,2,4962.4,0,index,-9924.8
2021-10-26 13:50:00+00:00,-2,4946.0,0,index,9892.0
2021-10-28 11:30:00+00:00,2,4872.4,0,index,-9744.8
2021-10-28 13:30:00+00:00,-2,4870.0,0,index,9740.0
2021-10-29 10:20:00+00:00,2,4876.0,0,index,-9752.0
2021-11-01 10:10:00+00:00,-2,4873.0,0,index,9746.0
2021-11-01 11:05:00+00:00,2,4900.2,0,index,-9800.4
2021-11-01 14:30:00+00:00,-2,4893.8,0,index,9787.6
2021-11-01 14:55:00+00:00,2,4890.2,0,index,-9780.4
2021-11-02 09:35:00+00:00,-2,4889.6,0,index,9779.2
2021-11-02 09:40:00+00:00,2,4901.2,0,index,-9802.4
2021-11-02 11:05:00+00:00,-2,4880.4,0,index,9760.8
2021-11-04 10:00:00+00:00,2,4858.2,0,index,-9716.4
2021-11-05 14:20:00+00:00,-2,4862.4,0,index,9724.8
2021-11-08 13:40:00+00:00,2,4869.2,0,index,-9738.4
2021-11-08 14:55:00+00:00,-2,4844.0,0,index,9688.0
2021-11-09 09:40:00+00:00,2,4877.8,0,index,-9755.6
2021-11-09 10:30:00+00:00,-2,4830.0,0,index,9660.0
2021-11-09 14:10:00+00:00,2,4851.6,0,index,-9703.2
2021-11-09 15:00:00+00:00,-2,4840.0,0,index,9680.0
2021-11-10 14:55:00+00:00,2,4809.4,0,index,-9618.8
2021-11-15 10:10:00+00:00,-2,4873.0,0,index,9746.0
2021-11-15 14:20:00+00:00,2,4884.4,0,index,-9768.8
2021-11-16 13:55:00+00:00,-2,4887.2,0,index,9774.4
2021-11-19 10:05:00+00:00,2,4848.2,0,index,-9696.4
2021-11-19 13:10:00+00:00,-2,4834.4,0,index,9668.8
2021-11-19 13:50:00+00:00,2,4890.8,0,index,-9781.6
2021-11-23 13:55:00+00:00,-2,4900.8,0,index,9801.6
2021-11-24 13:15:00+00:00,2,4909.6,0,index,-9819.2
2021-11-25 10:00:00+00:00,-2,4899.4,0,index,9798.8
2021-11-30 09:50:00+00:00,2,4859.4,0,index,-9718.8
2021-11-30 10:45:00+00:00,-2,4839.8,0,index,9679.6
2021-12-01 10:50:00+00:00,2,4841.6,0,index,-9683.2
2021-12-03 11:10:00+00:00,-2,4857.4,0,index,9714.8
2021-12-03 11:30:00+00:00,2,4864.4,0,index,-9728.8
2021-12-06 14:40:00+00:00,-2,4906.8,0,index,9813.6
2021-12-07 10:25:00+00:00,2,4915.6,0,index,-9831.2
2021-12-07 10:30:00+00:00,-2,4917.8,0,index,9835.6
2021-12-07 13:20:00+00:00,2,4927.4,0,index,-9854.8
2021-12-07 14:20:00+00:00,-2,4915.2,0,index,9830.4
2021-12-08 09:35:00+00:00,2,4932.0,0,index,-9864.0
2021-12-10 10:10:00+00:00,-2,5072.0,0,index,10144.0
2021-12-13 09:50:00+00:00,2,5139.0,0,index,-10278.0
2021-12-13 14:25:00+00:00,-2,5093.4,0,index,10186.8
2021-12-16 14:10:00+00:00,2,5019.2,0,index,-10038.4
2021-12-17 10:30:00+00:00,-2,5005.4,0,index,10010.8
2021-12-21 13:40:00+00:00,2,4925.0,0,index,-9850.0
2021-12-22 13:15:00+00:00,-2,4914.0,0,index,9828.0
2021-12-22 14:20:00+00:00,2,4928.8,0,index,-9857.6
2021-12-22 14:45:00+00:00,-2,4926.4,0,index,9852.8
2021-12-23 09:45:00+00:00,2,4949.6,0,index,-9899.2
2021-12-23 13:15:00+00:00,-2,4920.0,0,index,9840.0
2021-12-23 14:05:00+00:00,2,4942.8,0,index,-9885.6
2021-12-24 10:45:00+00:00,-2,4926.2,0,index,9852.4
2021-12-27 09:55:00+00:00,2,4962.2,0,index,-9924.4
2021-12-27 13:15:00+00:00,-2,4927.0,0,index,9854.0
2021-12-28 09:45:00+00:00,2,4959.0,0,index,-9918.0
2021-12-29 10:20:00+00:00,-2,4931.2,0,index,9862.4
2021-12-30 10:25:00+00:00,2,4942.2,0,index,-9884.4
2021-12-31 11:20:00+00:00,-2,4940.8,0,index,9881.6
2021-12-31 13:55:00+00:00,2,4943.4,0,index,-9886.8
2021-12-31 14:25:00+00:00,-2,4948.6,0,index,9897.2
2022-01-04 14:05:00+00:00,2,4929.2,0,index,-9858.4
2022-01-05 10:20:00+00:00,-2,4898.0,0,index,9796.0
2022-01-05 11:10:00+00:00,2,4922.6,0,index,-9845.2
2022-01-05 13:15:00+00:00,-2,4891.8,0,index,9783.6
2022-01-07 10:00:00+00:00,2,4849.0,0,index,-9698.0
2022-01-10 09:35:00+00:00,-2,4822.0,0,index,9644.0
2022-01-10 10:50:00+00:00,2,4848.0,0,index,-9696.0
2022-01-11 10:10:00+00:00,-2,4830.0,0,index,9660.0
2022-01-12 10:20:00+00:00,2,4828.0,0,index,-9656.0
2022-01-13 10:35:00+00:00,-2,4831.6,0,index,9663.2
2022-01-17 10:20:00+00:00,2,4751.8,0,index,-9503.6
2022-01-19 11:05:00+00:00,-2,4797.6,0,index,9595.2
2022-01-20 09:55:00+00:00,2,4825.6,0,index,-9651.2
2022-01-21 10:00:00+00:00,-2,4829.0,0,index,9658.0
2022-01-24 11:20:00+00:00,2,4803.4,0,index,-9606.8
2022-01-24 14:25:00+00:00,-2,4788.0,0,index,9576.0
2022-01-26 14:30:00+00:00,2,4720.6,0,index,-9441.2
2022-01-27 10:10:00+00:00,-2,4703.6,0,index,9407.2
2022-02-07 10:15:00+00:00,2,4631.2,0,index,-9262.4
2022-02-08 09:45:00+00:00,-2,4599.4,0,index,9198.8
2022-02-08 14:40:00+00:00,2,4595.4,0,index,-9190.8
2022-02-10 11:10:00+00:00,-2,4627.0,0,index,9254.0
2022-02-11 09:45:00+00:00,2,4649.2,0,index,-9298.4
2022-02-11 13:45:00+00:00,-2,4618.4,0,index,9236.8
2022-02-15 10:20:00+00:00,2,4587.6,0,index,-9175.2
2022-02-16 14:50:00+00:00,-2,4611.8,0,index,9223.6
2022-02-17 10:20:00+00:00,2,4633.0,0,index,-9266.0
2022-02-17 15:00:00+00:00,-2,4624.0,0,index,9248.0
2022-02-18 13:40:00+00:00,2,4631.6,0,index,-9263.2
2022-02-21 10:15:00+00:00,-2,4615.8,0,index,9231.6
2022-02-23 09:45:00+00:00,2,4596.0,0,index,-9192.0
2022-02-24 10:15:00+00:00,-2,4591.2,0,index,9182.4
2022-02-25 10:05:00+00:00,2,4610.2,0,index,-9220.4
2022-02-28 09:45:00+00:00,-2,4547.6,0,index,9095.2
2022-02-28 14:10:00+00:00,2,4567.4,0,index,-9134.8
2022-03-02 10:05:00+00:00,-2,4566.6,0,index,9133.2
2022-03-03 09:40:00+00:00,2,4589.6,0,index,-9179.2
2022-03-03 10:05:00+00:00,-2,4566.4,0,index,9132.8
2022-03-10 09:50:00+00:00,2,4295.8,0,index,-8591.6
2022-03-11 09:45:00+00:00,-2,4213.0,0,index,8426.0
2022-03-11 14:20:00+00:00,2,4268.8,0,index,-8537.6
2022-03-14 11:15:00+00:00,-2,4200.2,0,index,8400.4
2022-03-16 13:35:00+00:00,2,4117.8,0,index,-8235.6
2022-03-18 09:50:00+00:00,-2,4223.4,0,index,8446.8
2022-03-18 14:05:00+00:00,2,4257.4,0,index,-8514.8
2022-03-21 11:15:00+00:00,-2,4222.2,0,index,8444.4
2022-03-22 10:45:00+00:00,2,4221.0,0,index,-8442.0
2022-03-22 11:00:00+00:00,-2,4214.0,0,index,8428.0
2022-03-22 11:05:00+00:00,2,4222.8,0,index,-8445.6
2022-03-22 14:45:00+00:00,-2,4207.6,0,index,8415.2
